scenario,metric,family,favorable_direction,paired_mean_difference_distributed_minus_monolith,paired_median_difference_distributed_minus_monolith,paired_median_ci_low,paired_median_ci_high,distributed_wins,ties,distributed_losses,rank_biserial_favorable_to_distributed,p_permutation,p_holm_within_family
fabrication,test_f1_macro,quality,higher,-0.00025455181859998695,0.0,0.0,0.0031186624265000518,12,9,9,0.03896103896103896,0.8353758231208844,1.0
fabrication,test_f1_positive,quality,higher,-0.00043765407069999614,0.0,0.0,0.005630449705499974,12,9,9,0.021645021645021644,0.8376858115709421,1.0
fabrication,test_precision_positive,quality,higher,-0.0008246537215666593,0.0,-0.001796336323500014,0.0028643991974999783,10,9,11,0.004329004329004329,0.8079759601201993,1.0
fabrication,test_recall_positive,quality,higher,-3.333999742949345e-14,0.0,0.0,0.004073319755000027,11,10,9,0.0761904761904762,1.0,1.0
fabrication,reduction_percent,quality,higher,0.06782945736433797,0.0,0.0,0.1453488372092977,13,9,8,0.16017316017316016,0.4523577382113089,1.0
fabrication,time_to_baseline_seconds_censored,speed,lower,11.456333333333331,10.653500000000015,9.6115,12.965999999999987,1,0,29,-0.9956989247311828,4.9999750001249995e-06,2.9999850000749997e-05
fabrication,anytime_auc_normalized,speed,higher,-0.007895592532045134,-0.007467485311450639,-0.008909344535184771,-0.006486268353079749,0,0,30,-1.0,4.9999750001249995e-06,2.9999850000749997e-05
fabrication,end_to_end_seconds,speed,lower,72.3372,71.43899999999996,70.67050000000006,72.61450000000013,0,0,30,-1.0,4.9999750001249995e-06,2.9999850000749997e-05
fabrication,local_search_evaluations_per_second,processing,higher,4.636141975308642,4.625925925925927,4.610185185185185,4.679166666666665,30,0,0,1.0,4.9999750001249995e-06,2.9999850000749997e-05
fabrication,estimated_cpu_core_seconds,processing,lower,2798.9370000000004,2761.533,2718.441,2870.1,0,0,30,-1.0,4.9999750001249995e-06,2.9999850000749997e-05
fabrication,memory_mib_peak,processing,lower,2439.904666666667,2386.255,2334.411,2453.0389999999993,0,0,30,-1.0,4.9999750001249995e-06,2.9999850000749997e-05
fabrication,local_search_overlap_percent,mechanism,higher,99.65532958176492,99.6643084774092,99.66220600625817,99.66751070562051,30,0,0,1.0,4.9999750001249995e-06,9.999950000249999e-06
suspension,test_f1_macro,quality,higher,0.003721550108200011,0.000665056603000036,0.0,0.005313264149999997,16,9,5,0.6103896103896104,0.047664761676191617,0.43859780701096496
suspension,test_f1_positive,quality,higher,0.0065496689915999955,0.0006773863990000017,0.0,0.010002955036999994,15,9,6,0.5757575757575758,0.05069474652626737,0.43859780701096496
suspension,test_precision_positive,quality,higher,0.006861024235933333,0.006298015757999986,0.0,0.012007983710000003,17,9,4,0.6623376623376623,0.043859780701096494,0.43859780701096496
suspension,test_recall_positive,quality,higher,0.006250000000133338,0.0,0.0,0.012931034482500048,13,9,8,0.38961038961038963,0.12246438767806161,0.8572507137464314
suspension,reduction_percent,quality,higher,0.16957364341085157,0.0,0.0,0.07267441860464174,10,11,9,0.2894736842105263,0.17143414282928585,1.0
suspension,time_to_baseline_seconds_censored,speed,lower,21.10776666666667,21.418,19.480500000000006,23.885999999999996,0,0,30,-1.0,4.9999750001249995e-06,2.9999850000749997e-05
suspension,anytime_auc_normalized,speed,higher,-0.007170182687946621,-0.008215063739385575,-0.008686554444141015,-0.005690239869720226,0,0,30,-1.0,4.9999750001249995e-06,2.9999850000749997e-05
suspension,end_to_end_seconds,speed,lower,73.08346666666668,72.16050000000007,71.08349999999996,73.85349999999994,0,0,30,-1.0,4.9999750001249995e-06,2.9999850000749997e-05
suspension,local_search_evaluations_per_second,processing,higher,4.857253086419754,4.852777777777778,4.811111111111112,4.938425925925927,30,0,0,1.0,4.9999750001249995e-06,2.9999850000749997e-05
suspension,estimated_cpu_core_seconds,processing,lower,2800.7874000000006,2752.3799999999997,2708.6130000000003,2818.8540000000003,0,0,30,-1.0,4.9999750001249995e-06,2.9999850000749997e-05
suspension,memory_mib_peak,processing,lower,2558.9316666666664,2606.693,2407.4080000000004,2718.892,0,0,30,-1.0,9.999950000249999e-06,2.9999850000749997e-05
suspension,local_search_overlap_percent,mechanism,higher,99.64825600615605,99.65702023387662,99.65354921032866,99.65904580481002,30,0,0,1.0,4.9999750001249995e-06,9.999950000249999e-06
