scenario,architecture,seed,run_id,result_sha256,test_f1_macro,test_precision_macro,test_recall_macro,test_f1_positive,test_precision_positive,test_recall_positive,accuracy,subset_size,reduction_percent,selection_seconds,end_to_end_seconds,classifier_seconds,construction_evaluation_count,local_search_evaluation_count,construction_evaluations_per_second,local_search_evaluations_per_second,cpu_cores_median,cpu_cores_peak,memory_mib_median,memory_mib_peak,estimated_cpu_core_seconds,anytime_auc_normalized,baseline_target,baseline_target_reached,time_to_baseline_seconds_censored,construction_active_seconds,local_search_active_seconds,construction_local_search_overlap_seconds,local_search_overlap_percent
fabrication,distributed,20260910,iwshap-formal-a1-fabrication-distributed-s20260910,2bf8e64d0060cdebde403e5928e7aa9c2756736a276367ccf2949737a918575b,0.902459260731,0.890187414692,0.915911783141,0.829411764706,0.799621928166,0.86150712831,0.957163958641,16,97.67441860465115,1080.0,1154.522,0.264,7291,9036,6.750925925925926,8.366666666666667,3.4943999999999997,4.205,3033.2400000000002,3173.04,3773.9519999999998,0.8311905721022224,0.877356397158,True,98.11099999999999,983.0611052513123,981.6797740459442,978.4446601867676,99.67045120570802
fabrication,monolith,20260910,iwshap-formal-a1-fabrication-monolith-s20260910,9a3bbb4f40147ff17e32c541732edb6f931628b59354a87f75e4136527233106,0.902459260731,0.890187414692,0.915911783141,0.829411764706,0.799621928166,0.86150712831,0.957163958641,17,97.52906976744185,1080.0,1080.593,0.222,6,3935,0.005555555555555556,3.6435185185185186,1.0162,1.0365,762.3,765.2,1097.496,0.8402384944550391,0.877356397158,True,84.772,0.8200000000000927,994.7360000000001,0.0,0.0
fabrication,distributed,20260911,iwshap-formal-a1-fabrication-distributed-s20260911,bb7a63273f4d92e81d9bcc8e052488e90dc42ccaa77e184f92db179b8a889f4b,0.904056274092,0.894146496674,0.914715224075,0.832015810277,0.808061420345,0.857433808554,0.958148695224,18,97.38372093023256,1080.0,1151.617,0.314,7422,8984,6.872222222222222,8.318518518518518,3.7193,4.8736999999999995,3125.3199999999997,3216.0959999999995,4016.844,0.8335307022916111,0.877356397158,True,95.604,985.6654317378998,985.4769358634949,982.1493797302246,99.66234053663015
fabrication,monolith,20260911,iwshap-formal-a1-fabrication-monolith-s20260911,48c05004d6e9cc098f83b7031488670d5a3476faab5e43e210738ddddac30698,0.898990346148,0.883418790137,0.916548274999,0.823643410853,0.785582255083,0.865580448065,0.955194485475,15,97.81976744186046,1080.0,1080.824,0.21,5,3923,0.004629629629629629,3.6324074074074075,1.0162,1.0854000000000001,775.2,780.3,1097.496,0.8393622346179204,0.877356397158,True,90.519,0.5720000000000454,995.8330000000002,0.0,0.0
fabrication,distributed,20260912,iwshap-formal-a1-fabrication-distributed-s20260912,3919cde8b7609895e316a118bb4980ea02ef4bc2e3432a136f15091be27f540b,0.90129635226,0.893311180514,0.909763591183,0.82703777336,0.807766990291,0.847250509165,0.957163958641,21,96.94767441860465,1080.0,1151.306,0.355,7441,9164,6.889814814814815,8.485185185185186,3.4827000000000004,4.271699999999999,2989.572,3082.6420000000003,3761.3160000000003,0.8323347781647222,0.877356397158,True,101.77700000000002,984.9258675575256,983.7082099914551,980.4534466266632,99.66913325194062
fabrication,monolith,20260912,iwshap-formal-a1-fabrication-monolith-s20260912,1ef5992306cecfb3c466957f3546ee0e09c140d35166b6ed1e43c690a3d30e5e,0.90129635226,0.893311180514,0.909763591183,0.82703777336,0.807766990291,0.847250509165,0.957163958641,21,96.94767441860466,1080.0,1080.816,0.233,6,4067,0.005555555555555556,3.765740740740741,1.016,1.171,768.1,771.2,1097.28,0.8398344027579006,0.877356397158,True,90.969,0.6819999999999453,994.6859999999999,0.0,0.0
fabrication,distributed,20260913,iwshap-formal-a1-fabrication-distributed-s20260913,2e450c6381cc063d7b4ea8f08fd7c396564023b8ecfe2c6e99d590c0afa25d52,0.900957982939,0.894246046289,0.908006964909,0.826347305389,0.810176125245,0.843177189409,0.957163958641,20,97.09302325581395,1080.0,1151.185,0.331,7372,8956,6.825925925925926,8.292592592592593,3.5039,4.4947,2911.7920000000004,3020.644,3784.212,0.8336862909263703,0.877356397158,True,99.685,985.5468163490295,985.1862111091614,981.8397486209869,99.66032183048858
fabrication,monolith,20260913,iwshap-formal-a1-fabrication-monolith-s20260913,462640f68d3d319f89dc8bedb609f57fbf85570da41a896677270c2b8811de86,0.900957982939,0.894246046289,0.908006964909,0.826347305389,0.810176125245,0.843177189409,0.957163958641,20,97.09302325581395,1080.0,1080.599,0.246,6,3979,0.005555555555555556,3.6842592592592593,1.0160999999999998,1.1741,752.0,755.8,1097.3879999999997,0.8396996113969352,0.877356397158,True,90.207,0.70700000000015,994.289,0.0,0.0
fabrication,distributed,20260914,iwshap-formal-a1-fabrication-distributed-s20260914,6378916b5563ef03d68c7d465a04f7c4df141ba3a33da789ecb5a49f600a5d97,0.904056274092,0.894146496674,0.914715224075,0.832015810277,0.808061420345,0.857433808554,0.958148695224,18,97.38372093023256,1080.0,1145.859,0.307,7390,8980,6.842592592592593,8.314814814814815,3.6575,4.4767,3277.156,3409.724,3950.1000000000004,0.8313573557853888,0.877356397158,True,98.14500000000001,985.7033097743988,984.5711131095886,981.2950711250305,99.66726202496321
fabrication,monolith,20260914,iwshap-formal-a1-fabrication-monolith-s20260914,c637d996df14bc5f2e2f63bb2f7515e11737330576684ade800d90422d2173d9,0.903565401633,0.895534856477,0.912080284665,0.831013916501,0.811650485437,0.851323828921,0.958148695224,19,97.23837209302324,1080.0,1080.611,0.222,6,4110,0.005555555555555556,3.8055555555555554,1.01565,1.1642000000000001,773.8499999999999,778.3,1096.902,0.8392460688482334,0.877356397158,True,90.312,0.8920000000000385,997.7040000000002,0.0,0.0
fabrication,distributed,20260915,iwshap-formal-a1-fabrication-distributed-s20260915,237528ec19e5f39bb41d0b1dcf08d8bbaea4031533262d4651e835f2715306f9,0.900358873474,0.889633920057,0.911978480187,0.825615763547,0.799618320611,0.853360488798,0.956425406204,18,97.38372093023256,1080.0,1152.1,0.338,7329,9146,6.786111111111111,8.468518518518518,3.53085,4.5166,2967.9929999999995,3084.038,3813.318,0.8324952129630278,0.877356397158,True,104.219,984.6395552158356,983.6671240329742,980.2405920028687,99.65165735985391
fabrication,monolith,20260915,iwshap-formal-a1-fabrication-monolith-s20260915,1e373e4692404f524e8072e0e2371aaa59c4c9a60a3764e0f0b3c44e76ad3193,0.902459260731,0.890187414692,0.915911783141,0.829411764706,0.799621928166,0.86150712831,0.957163958641,16,97.67441860465115,1080.0,1080.565,0.196,5,4037,0.004629629629629629,3.737962962962963,1.0148000000000001,1.0485,770.9,773.4,1095.9840000000002,0.8399261740739998,0.877356397158,True,89.333,0.7920000000001295,995.251,0.0,0.0
fabrication,distributed,20260916,iwshap-formal-a1-fabrication-distributed-s20260916,6168278b551d053b1091406ae408edfd488c60d554cb0d14a89b6dbab74a9a03,0.904056274092,0.894146496674,0.914715224075,0.832015810277,0.808061420345,0.857433808554,0.958148695224,19,97.23837209302324,1080.0,1152.544,0.296,7551,9043,6.991666666666666,8.373148148148148,3.5324,4.2797,3046.6099999999997,3171.524,3814.992,0.832085881818824,0.877356397158,True,99.636,984.391918182373,983.1755549907684,979.8837461471558,99.66518605686412
fabrication,monolith,20260916,iwshap-formal-a1-fabrication-monolith-s20260916,e9b35d96b953f7cb0e948bd112515d14b6ef6b774304a157fb3babf6ac97357e,0.896553333325,0.883598692198,0.910858345771,0.819159335288,0.787593984962,0.853360488798,0.954455933038,16,97.67441860465115,1080.0,1080.57,0.207,5,3946,0.004629629629629629,3.653703703703704,1.0143,1.0485,784.3499999999999,786.4,1095.444,0.8408566485363769,0.877356397158,True,90.608,0.5700000000000074,995.1190000000001,0.0,0.0
fabrication,distributed,20260917,iwshap-formal-a1-fabrication-distributed-s20260917,cb1d03451c3adcb1a32ce070b063955824a643a8e742385d676202c4ec6d3eeb,0.903886430863,0.896804027289,0.91134198833,0.831505483549,0.814453125,0.849287169043,0.95839487937,19,97.23837209302324,1080.0,1153.525,0.319,7321,8914,6.7787037037037035,8.253703703703703,3.4245,4.475099999999999,2928.2439999999997,3035.9919999999997,3698.46,0.8301349877928148,0.877356397158,True,103.743,982.8671560287476,982.2631289958954,979.0731289386749,99.67523976386232
fabrication,monolith,20260917,iwshap-formal-a1-fabrication-monolith-s20260917,b8c9343133fed7b813c4f38330b81eeb89cf384d2437aa22cc5c5ca179b2a771,0.898990346148,0.883418790137,0.916548274999,0.823643410853,0.785582255083,0.865580448065,0.955194485475,15,97.81976744186046,1080.0,1080.639,0.189,5,3931,0.004629629629629629,3.6398148148148146,1.0167,1.0907,778.8,782.1,1098.0359999999998,0.8394413052827112,0.877356397158,True,95.605,0.6609999999999445,995.635,0.0,0.0
fabrication,distributed,20260918,iwshap-formal-a1-fabrication-distributed-s20260918,276ecbe04a739d3d47c8be2bbec76da2c2a0e57ea772890b28ba0576400f4b07,0.902459260731,0.890187414692,0.915911783141,0.829411764706,0.799621928166,0.86150712831,0.957163958641,16,97.67441860465115,1080.0,1167.883,0.289,7401,9128,6.852777777777778,8.451851851851853,3.7423,4.3812999999999995,3365.9279999999994,3525.196,4041.684,0.8312142930582037,0.877356397158,True,100.65799999999999,983.9647343158722,983.4738891124725,980.2222402095795,99.6693710998441
fabrication,monolith,20260918,iwshap-formal-a1-fabrication-monolith-s20260918,abf778964c74e8687f7ae414290c4e113dc6836a11e964edb0068ab79b6f57c4,0.896981208168,0.886347356293,0.908503439965,0.819704433498,0.793893129771,0.847250509165,0.954948301329,17,97.52906976744185,1080.0,1080.626,0.222,6,3947,0.005555555555555556,3.6546296296296297,1.0172499999999998,1.2756999999999998,753.5,756.5,1098.6299999999997,0.8391078715420802,0.877356397158,True,89.092,0.6950000000001069,995.539,0.0,0.0
fabrication,distributed,20260919,iwshap-formal-a1-fabrication-distributed-s20260919,ea499984a047f3f417cac885e6c44c0e4b876ebcb740a7946c04317dec001cc3,0.892368839428,0.880407093368,0.905486662473,0.811764705882,0.782608695652,0.843177189409,0.952732644018,17,97.52906976744185,1080.0,1150.974,0.326,7698,8950,7.127777777777778,8.287037037037036,3.8439000000000005,4.59,3189.0640000000003,3307.6879999999996,4151.412,0.8306083584182038,0.877356397158,True,97.18900000000001,984.5644471645355,983.0976948738098,979.8284182548523,99.66745150192045
fabrication,monolith,20260919,iwshap-formal-a1-fabrication-monolith-s20260919,9ee227dfd6e0ab757a596b78bd0f78fd2e0f8e961452961345b7caff275bab6e,0.898822743683,0.883812023506,0.915669961862,0.823300970874,0.786641929499,0.863543788187,0.955194485475,18,97.38372093023256,1080.0,1081.323,0.25,6,3972,0.005555555555555556,3.6777777777777776,1.01705,1.171,771.1,774.3,1098.414,0.8370475369490804,0.877356397158,True,89.832,0.6940000000000879,995.6789999999999,0.0,0.0
fabrication,distributed,20260920,iwshap-formal-a1-fabrication-distributed-s20260920,bea91438f0edf4d17ab02ccf714387eb13a85a26583fb482671eaccb615b7ffc,0.895203854892,0.884914719728,0.906326763285,0.816568047337,0.791586998088,0.843177189409,0.954209748892,16,97.67441860465115,1080.0,1153.943,0.292,7328,8996,6.785185185185185,8.329629629629629,3.6931000000000003,4.464799999999999,2984.234,3114.86,3988.5480000000002,0.8288972293945649,0.877356397158,True,106.478,979.0979390144348,978.2180709838867,974.920206785202,99.66287024371083
fabrication,monolith,20260920,iwshap-formal-a1-fabrication-monolith-s20260920,04d487ffa766a65ecde8877868ca316a3306c378c86d7d4876cbec25e07468ba,0.891534915304,0.880464166509,0.903590019397,0.810226155359,0.783269961977,0.839103869654,0.952486459872,21,96.94767441860466,1080.0,1080.554,0.253,5,3893,0.004629629629629629,3.60462962962963,1.0169,1.0336,765.8,768.9,1098.252,0.8409928935954417,0.877356397158,True,89.037,0.6840000000000401,996.9259999999998,0.0,0.0
fabrication,distributed,20260921,iwshap-formal-a1-fabrication-distributed-s20260921,4f912612327d42cf0a63c28f06cbe8bd832ad6647ee12ec6e38ef9cd3f94aaac,0.897802957959,0.886259121982,0.910400083041,0.821218074656,0.793168880455,0.851323828921,0.955194485475,17,97.52906976744185,1080.0,1153.155,0.28,7664,9011,7.0962962962962965,8.343518518518518,3.5086499999999994,4.3972999999999995,3074.4530000000004,3235.5819999999994,3789.341999999999,0.830046855808324,0.877356397158,True,99.908,984.8880321979523,983.6812098026276,980.4485280513763,99.67136896394516
fabrication,monolith,20260921,iwshap-formal-a1-fabrication-monolith-s20260921,49cbb609effbf429c6e54911c20c9928a59cf22b92b72184b1a0c160896d9709,0.897802957959,0.886259121982,0.910400083041,0.821218074656,0.793168880455,0.851323828921,0.955194485475,17,97.52906976744185,1080.0,1080.812,0.23,6,3991,0.005555555555555556,3.6953703703703704,1.01565,1.0379,763.7,765.3,1096.902,0.8382065294909219,0.877356397158,True,84.868,0.7519999999998674,994.443,0.0,0.0
fabrication,distributed,20260922,iwshap-formal-a1-fabrication-distributed-s20260922,c76dc035862ebfa40252a500070d6f9383ecc8a91ee675de65399fa874f9a647,0.892368839428,0.880407093368,0.905486662473,0.811764705882,0.782608695652,0.843177189409,0.952732644018,17,97.52906976744185,1080.0,1152.599,0.266,7581,8940,7.019444444444445,8.277777777777779,3.5389999999999997,4.6697,3620.375,3737.7799999999997,3822.12,0.8255692935973796,0.877356397158,True,104.92299999999999,977.5913157463074,976.9582579135895,973.6053864955902,99.65680504864561
fabrication,monolith,20260922,iwshap-formal-a1-fabrication-monolith-s20260922,38667a8cec81f0665e50e74df31e26c3a7662a214368924501df0be36a0209c4,0.901928130264,0.895843850931,0.908286998513,0.828,0.813359528487,0.843177189409,0.957656326933,23,96.65697674418605,1080.0,1080.685,0.271,6,3918,0.005555555555555556,3.6277777777777778,1.017,1.1073,761.3,765.9,1098.36,0.8379283409055169,0.877356397158,True,92.33,0.6959999999999553,992.9380000000001,0.0,0.0
fabrication,distributed,20260923,iwshap-formal-a1-fabrication-distributed-s20260923,4fd8dac9c337cedaa809f34f0af88f9fa6eb99843c4cbfaea6de6797a34b227b,0.88127997506,0.872514230617,0.89066997612,0.792079207921,0.770712909441,0.81466395112,0.948301329394,16,97.67441860465115,1080.0,1150.755,0.306,7582,8966,7.020370370370371,8.301851851851852,3.5111000000000003,4.4128,3281.774,3413.6720000000005,3791.9880000000003,0.8297024674395741,0.877356397158,True,104.144,981.8415811061859,981.4642930030823,978.2010293006897,99.66751070562051
fabrication,monolith,20260923,iwshap-formal-a1-fabrication-monolith-s20260923,8a922cb65e53894de674753e6d8c5b77239b2d784de2e14b812eba743b66748f,0.89960107369,0.885687182191,0.915071682329,0.824561403509,0.790654205607,0.86150712831,0.955686853767,19,97.23837209302324,1080.0,1080.629,0.234,6,3983,0.005555555555555556,3.687962962962963,1.0156,1.0864,762.85,767.2,1096.848,0.8418492085153707,0.877356397158,True,88.045,0.5329999999997597,998.187,0.0,0.0
fabrication,distributed,20260924,iwshap-formal-a1-fabrication-distributed-s20260924,39fbc76cf9be0d5daa94ec1f53dd8e5e07a6798021fef2e6a1669b7bf4a54fd0,0.906630102934,0.895431964134,0.918788543831,0.836614173228,0.809523809524,0.865580448065,0.959133431807,18,97.38372093023256,1080.0,1149.335,0.318,7403,8958,6.854629629629629,8.294444444444444,3.5544000000000002,4.2503,3038.674,3118.7239999999997,3838.7520000000004,0.8321691788123426,0.877356397158,True,102.39399999999999,983.088582277298,982.1816267967224,978.8654072284698,99.66236188116571
fabrication,monolith,20260924,iwshap-formal-a1-fabrication-monolith-s20260924,740bc0c297d7172acf7f410f86621b9e526432a47f8c9be11254dc837850328c,0.902459260731,0.890187414692,0.915911783141,0.829411764706,0.799621928166,0.86150712831,0.957163958641,16,97.67441860465115,1080.0,1080.599,0.214,5,3978,0.004629629629629629,3.683333333333333,1.01525,1.0604,773.6500000000001,775.0,1096.47,0.8395214811228557,0.877356397158,True,92.241,0.6929999999999978,993.63,0.0,0.0
fabrication,distributed,20260925,iwshap-formal-a1-fabrication-distributed-s20260925,a45325f40aa6eb8cb3fa5acf427391838361dfbc6f9c8e09ff0531600c10cbc6,0.902030471558,0.881794078657,0.925751456774,0.829361296473,0.779569892473,0.885947046843,0.955933037912,15,97.81976744186046,1080.0,1161.703,0.288,7337,8928,6.7935185185185185,8.266666666666667,3.6719,4.1857999999999995,3317.0780000000004,3470.7440000000006,3965.652,0.8286147336694539,0.877356397158,True,108.73899999999999,975.8410279750824,976.1585638523102,971.6593379974365,99.5390886254055
fabrication,monolith,20260925,iwshap-formal-a1-fabrication-monolith-s20260925,96602921494a9349f22c20f4a977087853c7f6f253129e35df5b3b0eab57ce7d,0.899462086293,0.884148842198,0.916688291801,0.82444228904,0.787037037037,0.865580448065,0.955440669621,13,98.11046511627907,1080.0,1080.668,0.201,5,3989,0.004629629629629629,3.6935185185185184,1.01375,1.0554000000000001,777.5999999999999,780.7,1094.85,0.8405386072413507,0.877356397158,True,89.821,0.717999999999904,995.1460000000001,0.0,0.0
fabrication,distributed,20260926,iwshap-formal-a1-fabrication-distributed-s20260926,6fa19a87c4f2d19e7b9159e83be464d7ba75160290047ce3ba6383405f41d07d,0.897671675668,0.884680184881,0.912016692512,0.821114369501,0.789473684211,0.855397148676,0.954948301329,13,98.11046511627907,1080.0,1149.774,0.29,7617,9070,7.052777777777778,8.398148148148149,3.50425,4.2139999999999995,3076.2429999999995,3239.028,3784.5899999999997,0.8360625395576019,0.877356397158,True,92.70599999999999,988.331540107727,988.250807762146,984.9943978786469,99.67048750601346
fabrication,monolith,20260926,iwshap-formal-a1-fabrication-monolith-s20260926,0f17201a9d5cd70db735408bb9987a34de0a00822e2501f0bffc02c4abbc70b3,0.904056274092,0.894146496674,0.914715224075,0.832015810277,0.808061420345,0.857433808554,0.958148695224,18,97.38372093023256,1080.0,1080.745,0.221,6,3972,0.005555555555555556,3.6777777777777776,1.0157500000000002,1.0832,757.35,762.6,1097.0100000000002,0.8419018110666722,0.877356397158,True,81.592,0.7759999999999962,998.1070000000003,0.0,0.0
fabrication,distributed,20260927,iwshap-formal-a1-fabrication-distributed-s20260927,8b4dfc1a6fabcb5ec1dd1e0bef5d1b742b48308cb27d1a2bee9b37f2b903290b,0.905023980048,0.895709034667,0.914995257679,0.833663366337,0.811175337187,0.857433808554,0.958641063516,17,97.52906976744185,1080.0,1149.586,0.265,7413,8989,6.863888888888889,8.323148148148148,3.6074999999999995,4.4728,2862.55,2968.8680000000004,3896.0999999999995,0.8354399925716111,0.877356397158,True,99.74400000000001,984.5348701477051,983.573958158493,980.2501811981201,99.66207147588618
fabrication,monolith,20260927,iwshap-formal-a1-fabrication-monolith-s20260927,073159788ae7434a566971a2515b6d6bb38eca6136dd397e887e6b35a7f4da80,0.905023980048,0.895709034667,0.914995257679,0.833663366337,0.811175337187,0.857433808554,0.958641063516,17,97.52906976744185,1080.0,1080.711,0.226,5,3928,0.004629629629629629,3.637037037037037,1.0149499999999998,1.1140999999999999,760.85,764.6,1096.1459999999997,0.8419118353717516,0.877356397158,True,89.245,0.5980000000000274,993.941,0.0,0.0
fabrication,distributed,20260928,iwshap-formal-a1-fabrication-distributed-s20260928,fb1276875658cf43aed0ee994405b7fd610f847a56a128e5a4dc4f34ee1c9e2f,0.903080850793,0.894745471478,0.911940267863,0.830188679245,0.81007751938,0.851323828921,0.957902511078,17,97.52906976744185,1080.0,1151.677,0.276,7296,8898,6.7555555555555555,8.238888888888889,3.7296,4.2562,2897.286,3086.0980000000004,4027.968,0.823960906177287,0.877356397158,True,106.05900000000001,977.4430568218231,977.4618630409241,974.201563835144,99.66645254111121
fabrication,monolith,20260928,iwshap-formal-a1-fabrication-monolith-s20260928,35d4cb1d9bdf1057522900b999f85dec24905653208a7b9888a2f9dd8695e7ad,0.903080850793,0.894745471478,0.911940267863,0.830188679245,0.81007751938,0.851323828921,0.957902511078,17,97.52906976744185,1080.0,1080.649,0.214,6,3963,0.005555555555555556,3.6694444444444443,1.0149,1.0388,756.7,761.0,1096.0919999999999,0.8390415207327938,0.877356397158,True,83.645,0.7730000000002804,996.704,0.0,0.0
fabrication,distributed,20260929,iwshap-formal-a1-fabrication-distributed-s20260929,4ece841652b716e1e946f43bba0641b190a4dd42aff2ffb99cbeb5a49f9c012c,0.902459260731,0.890187414692,0.915911783141,0.829411764706,0.799621928166,0.86150712831,0.957163958641,16,97.67441860465115,1080.0,1152.379,0.291,7500,8993,6.944444444444445,8.326851851851853,3.87965,4.3578,2988.0130000000004,3086.2000000000003,4190.022,0.8300871283188889,0.877356397158,True,99.36699999999999,981.9961576461792,981.781800031662,978.4861614704132,99.66432067072923
fabrication,monolith,20260929,iwshap-formal-a1-fabrication-monolith-s20260929,3b53d9fa6e19e9429297f28376df7509b471b7f8e466b146d53c8f251475503c,0.902459260731,0.890187414692,0.915911783141,0.829411764706,0.799621928166,0.86150712831,0.957163958641,16,97.67441860465115,1080.0,1080.481,0.199,6,3996,0.005555555555555556,3.7,1.0151000000000001,1.0729,766.3,771.7,1096.3080000000002,0.8405317781093714,0.877356397158,True,91.127,0.772000000000034,994.0670000000001,0.0,0.0
fabrication,distributed,20260930,iwshap-formal-a1-fabrication-distributed-s20260930,a614a899104ee4363fd2ba20117db1e7f92ec10d6bf517564fb82d9db2508385,0.897842568002,0.884274121634,0.912895005649,0.821463414634,0.788389513109,0.857433808554,0.954948301329,10,98.54651162790698,1080.0,1151.952,0.21,7583,9127,7.021296296296296,8.450925925925926,3.5427999999999997,4.3752,3070.554,3212.364,3826.2239999999997,0.8336532036972223,0.877356397158,True,101.43599999999999,984.3682069778442,983.7721018791199,980.2650089263916,99.64350554909727
fabrication,monolith,20260930,iwshap-formal-a1-fabrication-monolith-s20260930,7813eb643337d59ce69ddc398b0b1d109c9eec0fb9e99cd5fa28b0eaa50578ca,0.897842568002,0.884274121634,0.912895005649,0.821463414634,0.788389513109,0.857433808554,0.954948301329,10,98.54651162790698,1080.0,1080.999,0.148,7,4096,0.006481481481481481,3.7925925925925927,1.01305,1.2848,793.65,798.7,1094.094,0.8376003171449613,0.877356397158,True,91.691,0.8399999999999892,994.2510000000001,0.0,0.0
fabrication,distributed,20260931,iwshap-formal-a1-fabrication-distributed-s20260931,15d0aee25b7b6fd7e0261a79a86d2def2734df6408e76a39807e65f1f1de40e8,0.905509027327,0.89649480987,0.915135274481,0.834489593657,0.812741312741,0.857433808554,0.958887247661,19,97.23837209302324,1080.0,1150.075,0.365,7489,9002,6.934259259259259,8.335185185185185,3.7599,4.303400000000001,3370.9919999999997,3489.612,4060.692,0.8334942678579259,0.877356397158,True,100.41699999999999,984.9908063411713,984.1841218471527,980.933470249176,99.66971103009915
fabrication,monolith,20260931,iwshap-formal-a1-fabrication-monolith-s20260931,4c86e3ad62a9c25b732a4ee71b7a40e132f2fc56141998ea81624583ab074525,0.898485530064,0.884610839214,0.913913335588,0.82261208577,0.788785046729,0.859470468432,0.955194485475,19,97.23837209302324,1080.0,1080.7,0.242,6,4014,0.005555555555555556,3.716666666666667,1.0176,1.1106,786.8499999999999,789.8,1099.008,0.8393715493690915,0.877356397158,True,91.335,0.7769999999997879,995.4170000000001,0.0,0.0
fabrication,distributed,20260932,iwshap-formal-a1-fabrication-distributed-s20260932,742f4b071aa295ee9aad402140be744b53a79b5f0175fcd40202bd78352fc91d,0.902030471558,0.881794078657,0.925751456774,0.829361296473,0.779569892473,0.885947046843,0.955933037912,16,97.67441860465115,1080.0,1154.084,0.287,7457,8857,6.904629629629629,8.200925925925926,3.6067,4.408399999999999,2951.9619999999995,3036.888,3895.236,0.83497992465525,0.877356397158,True,95.908,984.9702706336975,984.6704640388489,981.4218046665192,99.67007648843202
fabrication,monolith,20260932,iwshap-formal-a1-fabrication-monolith-s20260932,565a1878626e7ef95654193825cc2ee6e2d872ba7d41c1f31e19f76a154296f9,0.897542740971,0.890888209324,0.904531924686,0.820359281437,0.804305283757,0.837067209776,0.955686853767,17,97.52906976744185,1080.0,1080.555,0.22,4,3862,0.003703703703703704,3.575925925925926,1.0125,1.0332999999999999,778.75,782.2,1093.5,0.8372513248400352,0.877356397158,True,95.952,0.5579999999999217,990.7170000000001,0.0,0.0
fabrication,distributed,20260933,iwshap-formal-a1-fabrication-distributed-s20260933,febfa81813d0130d46d614b4fe7909e4641dc68d58b9471f38179229ad7306cf,0.888809998843,0.88482982409,0.892910244952,0.804828973843,0.795228628231,0.81466395112,0.952240275726,19,97.23837209302324,1080.0,1151.914,0.355,7393,8923,6.845370370370371,8.262037037037038,3.68625,4.3317000000000005,3078.664,3184.424,3981.1499999999996,0.8289396828828333,0.877356397158,True,101.63,981.126971244812,980.0653500556946,976.7518813610077,99.6619134943911
fabrication,monolith,20260933,iwshap-formal-a1-fabrication-monolith-s20260933,0716832585dec97681c10e751c7afc0dc7a2045d93b20a036f850599cbd50889,0.89228846029,0.873816592518,0.913709726634,0.812260536398,0.766726943942,0.863543788187,0.951747907435,12,98.25581395348837,1080.0,1080.571,0.147,6,4071,0.005555555555555556,3.7694444444444444,1.014,1.0361,781.95,787.6,1095.1200000000001,0.8401953923904776,0.877356397158,True,89.974,0.7549999999999386,996.7600000000002,0.0,0.0
fabrication,distributed,20260934,iwshap-formal-a1-fabrication-distributed-s20260934,158f1160260f865971b34ad9cfcd604d37f18016315f36ba7cbe210416c1c91f,0.902582045219,0.8961645469,0.909305328452,0.829170829171,0.813725490196,0.845213849287,0.957902511078,18,97.38372093023256,1080.0,1157.088,0.315,7321,8900,6.7787037037037035,8.24074074074074,3.4670500000000004,4.3969,2971.7609999999995,3073.3820000000005,3744.4140000000007,0.8323850282478427,0.877356397158,True,105.547,984.4873282909393,983.665755033493,980.2524344921112,99.65299996224168
fabrication,monolith,20260934,iwshap-formal-a1-fabrication-monolith-s20260934,c1192d4fbe6b5fb99a1f3c6946145c669dfa01968cd9b5d57882dfdd2ed50d42,0.902582045219,0.8961645469,0.909305328452,0.829170829171,0.813725490196,0.845213849287,0.957902511078,18,97.38372093023256,1080.0,1080.536,0.229,6,3969,0.005555555555555556,3.675,1.0148,1.0321,772.0,777.6,1095.984,0.8398203742775656,0.877356397158,True,89.566,0.7659999999999627,993.451,0.0,0.0
fabrication,distributed,20260935,iwshap-formal-a1-fabrication-distributed-s20260935,7b634e69962aa0b381fdbb2f0f8be631cf6e2e9c5d6c1e4249ebf4eb2617e6ca,0.902459260731,0.890187414692,0.915911783141,0.829411764706,0.799621928166,0.86150712831,0.957163958641,16,97.67441860465115,1080.0,1157.635,0.284,7448,8958,6.896296296296296,8.294444444444444,3.67215,4.4424,2933.41,3049.392,3965.9219999999996,0.831418604127139,0.877356397158,True,99.97499999999998,981.9896857738495,982.1996290683746,977.5475218296051,99.52635827777881
fabrication,monolith,20260935,iwshap-formal-a1-fabrication-monolith-s20260935,021ec2864ffdbf3bc918d2080eb71be006141ec501bb15894ff2eb0b502f703e,0.897802957959,0.886259121982,0.910400083041,0.821218074656,0.793168880455,0.851323828921,0.955194485475,17,97.52906976744185,1080.0,1080.659,0.239,6,4049,0.005555555555555556,3.7490740740740742,1.0152999999999999,1.0293,771.25,776.0,1096.524,0.8327235568289318,0.877356397158,True,91.526,0.7820000000000391,987.9180000000001,0.0,0.0
fabrication,distributed,20260936,iwshap-formal-a1-fabrication-distributed-s20260936,cba5894fbb7f8bb0406c1ffbdd0e26d555acca9f09807b5ebcc789656cedda06,0.897154867879,0.885924031795,0.909381753102,0.82005899705,0.792775665399,0.849287169043,0.954948301329,16,97.67441860465115,1080.0,1154.438,0.312,7667,8857,7.099074074074074,8.200925925925926,3.76685,4.6104,2969.843,3142.3399999999997,4068.198,0.8267953246108427,0.877356397158,True,104.456,976.7923164367676,975.6012599468231,972.247100353241,99.65619564761889
fabrication,monolith,20260936,iwshap-formal-a1-fabrication-monolith-s20260936,a685c265a565494ba45144ed809b29461818968a10f14207766c34d597258a78,0.904056274092,0.894146496674,0.914715224075,0.832015810277,0.808061420345,0.857433808554,0.958148695224,18,97.38372093023256,1080.0,1080.718,0.228,5,3958,0.004629629629629629,3.664814814814815,1.01505,1.0270000000000001,770.6500000000001,775.3,1096.254,0.8387224814475867,0.877356397158,True,89.548,0.6080000000000183,992.898,0.0,0.0
fabrication,distributed,20260937,iwshap-formal-a1-fabrication-distributed-s20260937,53080cb699b12fee88841317f85ecce07c1812ff35a1f287948e7fb151c5d4fa,0.907099843984,0.894092197118,0.921423483242,0.837573385519,0.806026365348,0.871690427699,0.959133431807,18,97.38372093023256,1080.0,1151.413,0.304,7732,8966,7.159259259259259,8.301851851851852,3.5907999999999998,4.2978,3297.8380000000006,3408.612,3878.064,0.8303005839396574,0.877356397158,True,105.59300000000002,984.2872862815857,983.7823622226715,980.4797682762146,99.66429628408916
fabrication,monolith,20260937,iwshap-formal-a1-fabrication-monolith-s20260937,a9102e2581526246fe25500bad5ca076b9ef5087088221450d6af09dd55a19d0,0.894668955272,0.886201995346,0.903691823874,0.815476190476,0.79497098646,0.837067209776,0.954209748892,18,97.38372093023256,1080.0,1080.658,0.217,6,3876,0.005555555555555556,3.588888888888889,1.016,1.1369,754.4,758.9,1097.28,0.8371030656009371,0.877356397158,True,95.65,0.6040000000001271,994.3690000000001,0.0,0.0
fabrication,distributed,20260938,iwshap-formal-a1-fabrication-distributed-s20260938,77c735a0e263b83975b058468c166679527c71d151cc5942289ae7d9c734e4c0,0.885480687905,0.870977204135,0.901769800971,0.8,0.764378478664,0.839103869654,0.949286065977,12,98.25581395348837,1080.0,1148.782,0.267,7276,8881,6.737037037037037,8.223148148148148,3.44555,4.290799999999999,3094.188,3168.0860000000002,3721.194,0.8303645507413703,0.877356397158,True,103.332,983.3150045871735,982.5981559753418,979.2918586730957,99.66351480692896
fabrication,monolith,20260938,iwshap-formal-a1-fabrication-monolith-s20260938,a03444c57fb28cbc4b5a77e919559480ae173fe83547490cb8f84a4f2e3b34c1,0.901736970177,0.898629983156,0.904913762768,0.827447023209,0.82,0.835030549898,0.957902511078,21,96.94767441860466,1080.0,1080.52,0.243,6,4003,0.005555555555555556,3.7064814814814815,1.0156999999999998,1.3576,775.5,780.7,1096.956,0.831914594971925,0.877356397158,True,93.208,0.7530000000000712,985.699,0.0,0.0
fabrication,distributed,20260939,iwshap-formal-a1-fabrication-distributed-s20260939,d0a90a53d3efd0f7367973f28e55211f57875bbce38843ed4eff1d8ab01d1b6f,0.902459260731,0.890187414692,0.915911783141,0.829411764706,0.799621928166,0.86150712831,0.957163958641,16,97.67441860465115,1080.0,1156.622,0.255,7452,8933,6.9,8.271296296296295,3.54265,4.6347,2999.758,3150.3,3826.062,0.831636915338889,0.877356397158,True,100.62199999999999,984.1870183944702,984.1621062755585,980.9100766181946,99.66956361796221
fabrication,monolith,20260939,iwshap-formal-a1-fabrication-monolith-s20260939,66890f2cbdd4b2b27ef0999382efbf71d3da745cd334e1705542be4e44b672ed,0.903080850793,0.894745471478,0.911940267863,0.830188679245,0.81007751938,0.851323828921,0.957902511078,17,97.52906976744185,1080.0,1080.693,0.218,5,3887,0.004629629629629629,3.599074074074074,1.01425,1.1774,779.5,783.2,1095.39,0.8381376092449079,0.877356397158,True,86.805,0.6130000000001701,994.865,0.0,0.0
suspension,distributed,20260910,iwshap-formal-a1-suspension-distributed-s20260910,b149c6c30cf9dc6a9ab3aaa918cadc8b0bca22aeda649ad5f2d43ae50be1972b,0.77182524163,0.762426838936,0.782328795958,0.598555211558,0.574257425743,0.625,0.903402036255,23,96.65697674418605,1080.0,1161.842,0.406,7822,9307,7.242592592592593,8.617592592592592,3.6284,4.3595,3345.35,3519.582,3918.672,0.718781681812213,0.717036349604,True,114.321,982.4673988819122,981.6753480434418,978.3297419548035,99.65919424427777
suspension,monolith,20260910,iwshap-formal-a1-suspension-monolith-s20260910,53cfc1b9e3c8cb761150cbb85565006a2b02d458eac20d45ced567902179953f,0.77182524163,0.762426838936,0.782328795958,0.598555211558,0.574257425743,0.625,0.903402036255,23,96.65697674418605,1080.0,1080.688,0.309,6,3920,0.005555555555555556,3.6296296296296298,1.01925,1.048,759.4,764.1,1100.79,0.7282267942270608,0.717036349604,True,90.44,0.8819999999998203,993.0439999999999,0.0,0.0
suspension,distributed,20260911,iwshap-formal-a1-suspension-distributed-s20260911,c6976215161ea682c39634bb5e98495ce9aaddefa4f7f71b917886be8b21a0fb,0.783208417325,0.780121707934,0.786398400225,0.617021276596,0.609243697479,0.625,0.910603426869,18,97.38372093023256,1080.0,1152.914,0.354,7981,9051,7.389814814814815,8.380555555555556,3.5351,4.1773,3686.8039999999996,3847.728,3817.908,0.7153723378096019,0.717036349604,True,122.591,974.3947162628174,974.5580670833588,971.2358484268188,99.65910510940795
suspension,monolith,20260911,iwshap-formal-a1-suspension-monolith-s20260911,9c3bf5747db037a6b5e0a5d94db2d08e75b25e6f37b8cd97f450caf7ef4c90e9,0.77868155908,0.782197279721,0.775291671102,0.607650273224,0.616407982262,0.599137931034,0.910851750683,18,97.38372093023256,1080.0,1080.821,0.234,5,3864,0.004629629629629629,3.577777777777778,1.016,1.0633,775.1,777.9,1097.28,0.728936373988141,0.717036349604,True,91.732,0.4930000000000945,997.215,0.0,0.0
suspension,distributed,20260912,iwshap-formal-a1-suspension-distributed-s20260912,63767b8816d4f1e1c85da71f69de311a705a1b89aa8f28409d01527b510e130c,0.790612130896,0.79486462059,0.786533589962,0.6286966046,0.639198218263,0.618534482759,0.915818226968,23,96.65697674418605,1080.0,1159.685,0.406,7926,9187,7.338888888888889,8.506481481481481,3.8148,4.3326,3341.88,3490.776,4119.984,0.7245978149008983,0.717036349604,True,116.212,975.233306646347,974.0826480388641,970.7747933864594,99.66041334797775
suspension,monolith,20260912,iwshap-formal-a1-suspension-monolith-s20260912,e85ea6a9d0d933f267684715a622710fede6a3c8f9d73ebcd60122a44af5443a,0.790612130896,0.79486462059,0.786533589962,0.6286966046,0.639198218263,0.618534482759,0.915818226968,23,96.65697674418605,1080.0,1080.69,0.278,6,4036,0.005555555555555556,3.737037037037037,1.01865,1.1956,760.6500000000001,765.9,1100.142,0.7304698505800961,0.717036349604,True,101.332,0.6549999999999727,991.7389999999998,0.0,0.0
suspension,distributed,20260913,iwshap-formal-a1-suspension-distributed-s20260913,7573818d82806600d93b1fe6410b586dc3d877cc8e5de2a6e38ac242ea8eb027,0.793542259365,0.78782469438,0.79961009707,0.635789473684,0.621399176955,0.650862068966,0.914079960268,15,97.81976744186046,1080.0,1156.502,0.299,7943,9363,7.354629629629629,8.669444444444444,3.46495,4.393799999999999,3037.3590000000004,3148.0899999999997,3742.146,0.7187346162099723,0.717036349604,True,117.292,975.8823573589325,975.5552260875702,972.2454605102539,99.66073006542234
suspension,monolith,20260913,iwshap-formal-a1-suspension-monolith-s20260913,5eb6836534bb243028512021ac2629ad40b8209a2532b03c4763642107e891ce,0.778378884175,0.776085606427,0.780729806827,0.608324439701,0.602536997886,0.614224137931,0.908865160169,24,96.51162790697676,1080.0,1080.791,0.288,7,3978,0.006481481481481481,3.683333333333333,1.0182,1.2141,781.0,785.2,1099.656,0.7189480695203069,0.717036349604,True,101.177,0.6629999999999114,985.772,0.0,0.0
suspension,distributed,20260914,iwshap-formal-a1-suspension-distributed-s20260914,a183abb224cc15843bc9a4410311f6a66f87afcbd620b7e98e90e4486c569f63,0.793542259365,0.78782469438,0.79961009707,0.635789473684,0.621399176955,0.650862068966,0.914079960268,15,97.81976744186046,1080.0,1148.411,0.347,8001,9223,7.408333333333333,8.539814814814815,3.91745,4.3984000000000005,2831.7780000000002,2996.267999999999,4230.8460000000005,0.72228945477175,0.717036349604,True,113.4,977.4980013370514,977.3651642799377,974.0637435913086,99.6622121588443
suspension,monolith,20260914,iwshap-formal-a1-suspension-monolith-s20260914,2c52716360ca571d5b3f4f065ed8c538f0309bdde12a499bd5547ca4928456ce,0.782803436331,0.783336369101,0.782273449824,0.61555075594,0.616883116883,0.614224137931,0.911596722126,12,98.25581395348837,1080.0,1080.628,0.18,6,4088,0.005555555555555556,3.785185185185185,1.01915,1.0746,757.6500000000001,759.7,1100.682,0.7305341885370118,0.717036349604,True,91.784,0.6290000000000902,991.0129999999999,0.0,0.0
suspension,distributed,20260915,iwshap-formal-a1-suspension-distributed-s20260915,a46c4401a4dec40f7a7f59a529c1d02147669f13bf4dd56e8474b8475a5a3bb6,0.791366582937,0.79275019051,0.7900019477,0.630552546046,0.633986928105,0.627155172414,0.915321579339,26,96.22093023255815,1080.0,1152.061,0.44,8106,9275,7.5055555555555555,8.587962962962964,3.512200000000001,4.266799999999999,3015.6800000000003,3172.64,3793.176000000001,0.7285743736454907,0.717036349604,True,115.652,976.978732585907,978.2790908813477,973.4890265464783,99.51035809928699
suspension,monolith,20260915,iwshap-formal-a1-suspension-monolith-s20260915,a9f02f4d9d9fd15aa5e84492d411ba68337e873c9e02693a8449590eb766b578,0.791366582937,0.79275019051,0.7900019477,0.630552546046,0.633986928105,0.627155172414,0.915321579339,26,96.22093023255815,1080.0,1080.692,0.325,7,4024,0.006481481481481481,3.725925925925926,1.0202499999999999,1.0486,761.05,763.6,1101.87,0.7396112035507227,0.717036349604,True,91.187,0.708999999999989,996.9850000000001,0.0,0.0
suspension,distributed,20260916,iwshap-formal-a1-suspension-distributed-s20260916,cbce9234d30ce92301482f0e027a08aec46b852673f26bdfa198e936d70c5bc1,0.794940238372,0.793846045778,0.796046471397,0.637339055794,0.634615384615,0.640086206897,0.916066550782,21,96.94767441860465,1080.0,1151.7,0.394,7928,9078,7.340740740740741,8.405555555555555,3.6912,4.2938,2990.544,3144.0400000000004,3986.4959999999996,0.7249510115762685,0.717036349604,True,119.347,981.6924843788147,981.2933118343353,977.6480672359467,99.62852650125836
suspension,monolith,20260916,iwshap-formal-a1-suspension-monolith-s20260916,22160386c219dbf3d4ee210f8c9b0a9dff6434a6144b8caf03079df29bc5d3ae,0.782380474527,0.785942685159,0.778945423268,0.614207650273,0.623059866962,0.605603448276,0.912341693568,20,97.09302325581395,1080.0,1080.736,0.258,6,3947,0.005555555555555556,3.6546296296296297,1.0178,1.0436,775.8,780.3,1099.224,0.7336015009966868,0.717036349604,True,95.456,0.5519999999998788,993.8320000000001,0.0,0.0
suspension,distributed,20260917,iwshap-formal-a1-suspension-distributed-s20260917,1e60abb6d51f89f210d7bf2fcc96158c56177822cf6a14558668281b048812f9,0.797744087289,0.796095801506,0.799419561199,0.642398286938,0.63829787234,0.646551724138,0.917059846039,23,96.65697674418605,1080.0,1151.878,0.404,7904,9224,7.318518518518519,8.540740740740741,3.49815,4.3724,3404.816,3539.4399999999996,3778.002,0.7308098622266667,0.717036349604,True,114.138,981.5989573001862,980.5905079841614,977.2556533813477,99.65991363615488
suspension,monolith,20260917,iwshap-formal-a1-suspension-monolith-s20260917,3e21abdbfd39df927ffba6ec50bf2404d73e781783dd8d0ded2803ee1434c9fa,0.793636294504,0.790177754156,0.797219325539,0.635494155154,0.626834381551,0.644396551724,0.914824931711,20,97.09302325581395,1080.0,1080.74,0.261,6,3998,0.005555555555555556,3.7018518518518517,1.0193500000000002,1.1196,779.7,783.1,1100.8980000000001,0.7357266070255213,0.717036349604,True,91.429,0.7129999999999228,992.701,0.0,0.0
suspension,distributed,20260918,iwshap-formal-a1-suspension-distributed-s20260918,62302ce1b4b3cd93428f620f4c075738a32e8222f33ed8f57afeb8d51378280e,0.769617127218,0.757350957426,0.7838775804,0.595528455285,0.563461538462,0.631465517241,0.901167121927,8,98.83720930232558,1080.0,1157.881,0.216,7896,9423,7.311111111111111,8.725,3.4309499999999997,4.2635,3346.4919999999997,3472.7400000000002,3705.4259999999995,0.7243305825257593,0.717036349604,True,105.819,982.2318210601807,981.5761821269989,978.2081308364868,99.65687316462653
suspension,monolith,20260918,iwshap-formal-a1-suspension-monolith-s20260918,ca2874176f0234fceb0c913a15c9008631be94455fe20058a9ce1034ff8dff5c,0.769617127218,0.757350957426,0.7838775804,0.595528455285,0.563461538462,0.631465517241,0.901167121927,8,98.83720930232558,1080.0,1080.578,0.116,7,4197,0.006481481481481481,3.886111111111111,1.0156,1.0683,770.4,771.4,1096.848,0.7331163086258053,0.717036349604,True,88.361,0.7910000000000963,992.1510000000001,0.0,0.0
suspension,distributed,20260919,iwshap-formal-a1-suspension-distributed-s20260919,a8cf6a24231aa4976d7472478db6f5cb19659ecd936ab72235ff3ae15805a57c,0.793542259365,0.78782469438,0.79961009707,0.635789473684,0.621399176955,0.650862068966,0.914079960268,15,97.81976744186046,1080.0,1154.817,0.374,8084,9350,7.485185185185185,8.657407407407407,3.5661999999999994,4.315499999999999,3017.408,3144.9320000000002,3851.495999999999,0.7300828908916204,0.717036349604,True,115.472,983.9383759498596,983.5756139755249,980.1938848495483,99.65618005591783
suspension,monolith,20260919,iwshap-formal-a1-suspension-monolith-s20260919,046c3426f3ac62d6707d2ce8ff151a8c937d5debc35f1bda03cc61077c0b367e,0.793542259365,0.78782469438,0.79961009707,0.635789473684,0.621399176955,0.650862068966,0.914079960268,15,97.81976744186046,1080.0,1080.782,0.218,7,4047,0.006481481481481481,3.7472222222222222,1.01905,1.1741,782.6500000000001,787.4,1100.574,0.7339918257995077,0.717036349604,True,97.193,0.7110000000000554,991.1159999999999,0.0,0.0
suspension,distributed,20260920,iwshap-formal-a1-suspension-distributed-s20260920,0321493edcf834c1f77689b09d07f01e67bcfa07ebbdb545a203e0de26ea06ae,0.802326751746,0.791860497804,0.813994648059,0.65221878225,0.625742574257,0.681034482759,0.916314874596,13,98.11046511627907,1080.0,1151.519,0.273,8025,9426,7.430555555555555,8.727777777777778,3.9779,4.335999999999999,3039.636,3179.0840000000003,4296.132,0.7260510686295463,0.717036349604,True,100.446,982.2191777229309,981.0849721431732,977.7411017417908,99.65916607670813
suspension,monolith,20260920,iwshap-formal-a1-suspension-monolith-s20260920,79ee60706c95b7ba1ae3c874665b996f2706facdf3870bd0249f81295e231055,0.787926921692,0.780433987929,0.796051612841,0.62630480167,0.607287449393,0.646551724138,0.911100074497,25,96.36627906976744,1080.0,1080.729,0.31,7,4061,0.006481481481481481,3.7601851851851853,1.0193,1.0386,758.7,762.9,1100.844,0.7347127772909164,0.717036349604,True,94.695,0.744999999999834,997.4640000000002,0.0,0.0
suspension,distributed,20260921,iwshap-formal-a1-suspension-distributed-s20260921,ff248aee8362529d62492f508d6e417e17f6328f367e58090c226fa7c6cbca9b,0.789230405733,0.786077835809,0.792487987167,0.627659574468,0.61974789916,0.635775862069,0.913086665011,16,97.67441860465115,1080.0,1158.175,0.328,8045,9245,7.449074074074074,8.560185185185185,3.53735,4.513000000000001,2992.556,3103.052,3820.338,0.730440106971324,0.717036349604,True,110.348,982.3799357414246,981.8731260299683,977.7384798526764,99.57890219543847
suspension,monolith,20260921,iwshap-formal-a1-suspension-monolith-s20260921,2dcb497f2369d825963a3d6bb26a90a76aa3146b5630eb63925aadf7f95ac64b,0.787926921692,0.780433987929,0.796051612841,0.62630480167,0.607287449393,0.646551724138,0.911100074497,26,96.22093023255815,1080.0,1080.61,0.297,7,4007,0.006481481481481481,3.710185185185185,1.0191,1.2246,760.4000000000001,761.9,1100.628,0.7372749527337803,0.717036349604,True,88.597,0.7750000000000767,994.7400000000001,0.0,0.0
suspension,distributed,20260922,iwshap-formal-a1-suspension-distributed-s20260922,8ec195fb85155e1dfdd0bf5a7c1a5d128e8f072c1ecbe8789e5a39825a0b0e34,0.793542259365,0.78782469438,0.79961009707,0.635789473684,0.621399176955,0.650862068966,0.914079960268,15,97.81976744186046,1080.0,1154.031,0.315,8003,9155,7.410185185185185,8.476851851851851,3.6071999999999997,4.1149000000000004,3192.792000000001,3352.436,3895.776,0.7219433389930462,0.717036349604,True,113.31400000000001,981.2931830883026,980.9920580387115,977.6407692432404,99.65837758134644
suspension,monolith,20260922,iwshap-formal-a1-suspension-monolith-s20260922,2884f0f5122faea8970fbe16af8c53e505e8254497ae490abd77d18fb9813694,0.776790277729,0.773530870759,0.780168482101,0.605738575983,0.59748427673,0.614224137931,0.907871864912,20,97.09302325581395,1080.0,1080.878,0.27,5,3804,0.004629629629629629,3.522222222222222,1.01965,1.1085,764.1,765.6,1101.222,0.7321611455197511,0.717036349604,True,92.569,0.5040000000001044,995.093,0.0,0.0
suspension,distributed,20260923,iwshap-formal-a1-suspension-distributed-s20260923,19bae449948bebc36324ff4586e9323265f22dade954736a7f79af40cf8c53c3,0.78484464912,0.78758641352,0.782178181889,0.618736383442,0.625550660793,0.612068965517,0.913086665011,21,96.94767441860465,1080.0,1151.487,0.366,7995,9239,7.402777777777778,8.55462962962963,3.6035500000000003,4.325399999999999,3205.906,3357.7319999999995,3891.8340000000003,0.7386162592636296,0.717036349604,True,109.263,981.6092748641968,981.3604028224945,977.9610960483551,99.65361280480009
suspension,monolith,20260923,iwshap-formal-a1-suspension-monolith-s20260923,e4d2f1f31abbc28b2334539f644f86ec30081665029eb3c57cb1001a41610177,0.78484464912,0.78758641352,0.782178181889,0.618736383442,0.625550660793,0.612068965517,0.913086665011,21,96.94767441860466,1080.0,1080.642,0.27,7,3913,0.006481481481481481,3.623148148148148,1.0197,1.0613,760.8,764.8,1101.276,0.7409287179557269,0.717036349604,True,88.579,0.7140000000001834,993.4219999999998,0.0,0.0
suspension,distributed,20260924,iwshap-formal-a1-suspension-distributed-s20260924,75480f6345d99bc9b445076d8793affaf7e2135c452f848b1ebb88d86830a4c5,0.842058955156,0.837431420683,0.846873276104,0.721102863203,0.709812108559,0.73275862069,0.934690836851,27,96.07558139534885,1080.0,1155.296,0.422,7859,9457,7.276851851851852,8.756481481481481,3.484000000000001,4.2818,2931.6,3072.32,3762.720000000001,0.7559342995797964,0.717036349604,True,105.761,984.7621650695801,984.0094721317291,980.6720991134644,99.66083934019103
suspension,monolith,20260924,iwshap-formal-a1-suspension-monolith-s20260924,ac13db5d09247e49946f8984985b16b803ba965d4e708f93be90734ff7038b02,0.825007693568,0.818946136786,0.831416280353,0.691253951528,0.676288659794,0.706896551724,0.927241122424,29,95.78488372093024,1080.0,1080.845,0.317,9,4359,0.008333333333333333,4.036111111111111,1.0193500000000002,1.0404,785.25,787.7,1100.8980000000001,0.7623504671022276,0.717036349604,True,89.604,0.7590000000000998,992.3720000000002,0.0,0.0
suspension,distributed,20260925,iwshap-formal-a1-suspension-distributed-s20260925,7764e5f4269301cdc4e3821be0ce852bdf64100fd3aa975264403b1eb4513e90,0.78689108618,0.789369700848,0.784473685484,0.622415669206,0.628571428571,0.616379310345,0.913831636454,20,97.09302325581395,1080.0,1156.402,0.361,7990,9295,7.398148148148148,8.606481481481481,3.4318,4.6098,3414.1119999999996,3590.3199999999997,3706.344,0.7221586936309352,0.717036349604,True,112.929,981.2191476821899,979.9685401916504,976.6275737285614,99.65907411043669
suspension,monolith,20260925,iwshap-formal-a1-suspension-monolith-s20260925,a6a48bb00fdd151cbf4696be6289c286fb35295d87f00a8ee360a442ef4ae2a3,0.786864457015,0.786864457015,0.786864457015,0.622844827586,0.622844827586,0.622844827586,0.913086665011,21,96.94767441860466,1080.0,1080.658,0.269,4,3900,0.003703703703703704,3.611111111111111,1.0215,1.2152,767.7,768.8,1103.22,0.7330070071234167,0.717036349604,True,86.337,0.5710000000000264,997.566,0.0,0.0
suspension,distributed,20260926,iwshap-formal-a1-suspension-distributed-s20260926,2ad00d87648e85b2c136ebe9cf388d9edf517cfc12bfbdce987607e957bf09f8,0.792756551769,0.787299679254,0.798532510864,0.63435194942,0.620618556701,0.648706896552,0.913831636454,24,96.51162790697676,1080.0,1152.543,0.356,7900,9142,7.314814814814815,8.464814814814815,3.7904999999999998,4.2776000000000005,2977.6420000000003,3159.492,4093.74,0.7207298757630927,0.717036349604,True,124.13399999999999,975.4385578632355,974.8682589530945,971.4484238624573,99.64920028329676
suspension,monolith,20260926,iwshap-formal-a1-suspension-monolith-s20260926,81831ba0415fb7816b03d5dfdc1e257c11712402383df182799c97881670afae,0.788749585689,0.782407712467,0.79553535136,0.627492130115,0.61145194274,0.644396551724,0.91184504594,23,96.65697674418605,1080.0,1080.607,0.277,7,3989,0.006481481481481481,3.6935185185185184,1.0166499999999998,1.1715,786.8499999999999,792.4,1097.9819999999997,0.731288170421806,0.717036349604,True,98.535,0.8079999999999501,992.7729999999999,0.0,0.0
suspension,distributed,20260927,iwshap-formal-a1-suspension-distributed-s20260927,7f234a1b6f0b8f0ad89459f107e1a21fcc91fe89ba268537293a5c2c4c2d0926,0.801326029683,0.798843217481,0.803870237208,0.648879402348,0.642706131078,0.655172413793,0.918301465111,14,97.96511627906976,1080.0,1151.52,0.354,8145,9258,7.541666666666667,8.572222222222223,3.5016000000000003,4.5263,3266.832,3382.8540000000003,3781.728,0.7387373511803424,0.717036349604,True,111.98399999999998,983.7356572151184,983.1963729858398,979.7894561290741,99.65348561585725
suspension,monolith,20260927,iwshap-formal-a1-suspension-monolith-s20260927,78ee2acb3a2ddeac910ba050b978081d8dc1bccb852a1400fd444d2284afdd3b,0.801326029683,0.798843217481,0.803870237208,0.648879402348,0.642706131078,0.655172413793,0.918301465111,14,97.96511627906976,1080.0,1080.491,0.212,6,3917,0.005555555555555556,3.626851851851852,1.016,1.1439,757.8,762.4,1097.28,0.7405737068567688,0.717036349604,True,95.905,0.6330000000000666,996.828,0.0,0.0
suspension,distributed,20260928,iwshap-formal-a1-suspension-distributed-s20260928,5f29afbaa67239e353f0a81714a2d2dee05361f36f4c5f36698939db7bbc1764,0.781184908804,0.780660601919,0.781712125098,0.612903225806,0.611587982833,0.614224137931,0.910603426869,18,97.38372093023256,1080.0,1149.38,0.397,7930,9005,7.342592592592593,8.337962962962964,3.4981,4.3364,2600.6,2815.3,3777.948,0.7241587385253333,0.717036349604,True,117.132,975.085550069809,974.381833076477,970.9741261005402,99.65026985723065
suspension,monolith,20260928,iwshap-formal-a1-suspension-monolith-s20260928,0932a0b2d5ba55a12e6bcf542a1f33325b0cf8542441275b596b8a5dac4f5aaf,0.79166407368,0.789261065458,0.7941268981,0.631803628602,0.625792811839,0.637931034483,0.914328284082,23,96.65697674418605,1080.0,1080.662,0.283,6,3880,0.005555555555555556,3.5925925925925926,1.01795,1.1331,758.7,759.8,1099.386,0.7393467884625655,0.717036349604,True,97.077,0.7990000000001203,993.992,0.0,0.0
suspension,distributed,20260929,iwshap-formal-a1-suspension-distributed-s20260929,39b068dbef005b17f018cc2cdf1b5aecba4407f2f9d2550d258c8f7802cb408d,0.781138078675,0.785538720413,0.776930582036,0.611842105263,0.622767857143,0.601293103448,0.912093369754,18,97.38372093023256,1080.0,1160.744,0.37,8024,9378,7.42962962962963,8.683333333333334,3.5691,4.3969,3377.918,3544.7799999999997,3854.628,0.7162091782544723,0.717036349604,True,118.166,976.1385843753815,976.0080478191376,972.6013832092285,99.65095937297636
suspension,monolith,20260929,iwshap-formal-a1-suspension-monolith-s20260929,de0b4c88b7351c7d6bc4105de4b9b8b41e90bdd1f7fa3e1fa3ba01925f541e0c,0.781138078675,0.785538720413,0.776930582036,0.611842105263,0.622767857143,0.601293103448,0.912093369754,18,97.38372093023256,1080.0,1080.505,0.231,7,4173,0.006481481481481481,3.863888888888889,1.01925,1.0634000000000001,779.6,784.0,1100.79,0.7268682591946029,0.717036349604,True,90.326,0.815999999999903,997.188,0.0,0.0
suspension,distributed,20260930,iwshap-formal-a1-suspension-distributed-s20260930,5d5a62d352a4b53dd26f985f09d1e818b6edf8c10fb869fbcb55c2f619d33c03,0.778422710969,0.773234587018,0.783917502202,0.609062170706,0.59587628866,0.622844827586,0.907871864912,19,97.23837209302324,1080.0,1151.535,0.352,7850,9037,7.268518518518518,8.367592592592592,3.8036000000000003,4.396499999999999,3003.932,3097.8319999999994,4107.888,0.7145883404687964,0.717036349604,True,118.453,974.3261389732361,974.2523617744446,970.9303317070007,99.65901749918335
suspension,monolith,20260930,iwshap-formal-a1-suspension-monolith-s20260930,554b0e74ae4c01fb2b144df74e918c5efdec5a89f602f7745ba4d56144ae1864,0.774732935544,0.773212245557,0.776279130818,0.601713062099,0.597872340426,0.605603448276,0.907623541098,19,97.23837209302324,1080.0,1080.674,0.267,6,3909,0.005555555555555556,3.6194444444444445,1.0195999999999998,1.043,767.85,771.8,1101.168,0.7228354624563716,0.717036349604,True,96.96,0.6810000000000827,989.3350000000003,0.0,0.0
suspension,distributed,20260931,iwshap-formal-a1-suspension-distributed-s20260931,e183fe712ee6a7640d4c81040692c38c7213addf570b186cbff73d465892f0e0,0.784022057296,0.783756558174,0.784288291057,0.617868675996,0.617204301075,0.618534482759,0.91184504594,22,96.80232558139535,1080.0,1154.583,0.353,7854,9225,7.272222222222222,8.541666666666666,3.6175,4.5065,3418.064,3535.2400000000002,3906.9,0.7226603870201573,0.717036349604,True,115.39800000000001,977.4618103504181,977.3482780456543,974.0063552856445,99.65806224504816
suspension,monolith,20260931,iwshap-formal-a1-suspension-monolith-s20260931,c62964ca044664ccc6c3327f09ba59f24a5525c1a613e694a60e5e62f549d53b,0.787926921692,0.780433987929,0.796051612841,0.62630480167,0.607287449393,0.646551724138,0.911100074497,25,96.36627906976744,1080.0,1080.574,0.296,7,4005,0.006481481481481481,3.7083333333333335,1.0192,1.0437,781.3499999999999,785.1,1100.736,0.7309430181158842,0.717036349604,True,91.442,0.7849999999998403,991.738,0.0,0.0
suspension,distributed,20260932,iwshap-formal-a1-suspension-distributed-s20260932,7894e6d147902c180dc6bd5381e550b1d16f158ac14f9fb1182fe4a7e7c3c34b,0.790820932415,0.78714170177,0.794643159581,0.630573248408,0.621338912134,0.640086206897,0.91358331264,17,97.52906976744185,1080.0,1149.393,0.368,8037,9137,7.441666666666666,8.460185185185185,3.5210000000000004,4.5435,3394.3999999999996,3512.648,3802.6800000000003,0.7175191208751203,0.717036349604,True,114.60400000000001,980.2950656414032,980.0699172019958,976.6632647514343,99.6524072016936
suspension,monolith,20260932,iwshap-formal-a1-suspension-monolith-s20260932,62a1b59065b6adb57e482769bd0f48aaf6baf1afce327db334ccd62374dcde0b,0.771426223173,0.771681295799,0.771171862146,0.595469255663,0.596112311015,0.594827586207,0.906878569655,27,96.07558139534885,1080.0,1080.651,0.363,8,4230,0.007407407407407408,3.9166666666666665,1.02095,1.1627,765.15,768.9,1102.626,0.7231521364925274,0.717036349604,True,90.311,0.7310000000001082,993.4089999999998,0.0,0.0
suspension,distributed,20260933,iwshap-formal-a1-suspension-distributed-s20260933,7224b8f235b2b3455b1b0ef08ec12813629c193fef18e5c641d43c5f178efca2,0.767592454926,0.763975941046,0.771362398018,0.589607635207,0.580375782881,0.599137931034,0.903898683884,22,96.80232558139535,1080.0,1151.021,0.41,7907,9359,7.321296296296296,8.665740740740741,3.649,4.992900000000001,3377.6059999999993,3528.292,3940.92,0.7169434309284445,0.717036349604,True,118.55799999999999,977.8406240940094,977.2812979221344,973.9782450199127,99.66201615550769
suspension,monolith,20260933,iwshap-formal-a1-suspension-monolith-s20260933,cb0c345d90f0117fe548f4f50fe42855d98ebabda1633ad79556a335a3f1e1c3,0.797445901298,0.798006411541,0.796888458486,0.641468682505,0.642857142857,0.640086206897,0.917556493668,15,97.81976744186046,1080.0,1080.653,0.213,6,4115,0.005555555555555556,3.810185185185185,1.0187,1.2109,781.45,783.0,1100.196,0.7234071658690303,0.717036349604,True,97.215,0.7730000000001525,988.4159999999999,0.0,0.0
suspension,distributed,20260934,iwshap-formal-a1-suspension-distributed-s20260934,b692e85ccdd624af6da15279f4977124112b754bc47924283657685d75f14440,0.788493065176,0.788764171594,0.788222705585,0.625674217907,0.626349892009,0.625,0.913831636454,22,96.80232558139535,1080.0,1153.056,0.363,8074,9286,7.475925925925926,8.598148148148148,3.4737000000000005,4.3824000000000005,3270.6440000000002,3412.964,3751.5960000000005,0.7282053196605648,0.717036349604,True,107.028,984.697357416153,984.1953868865967,980.8038873672485,99.65540383906118
suspension,monolith,20260934,iwshap-formal-a1-suspension-monolith-s20260934,e15af9e7c3d98c696de85c5dcd888d438d81331976d4c0ebc2a6705c5dcf7a9b,0.788730044765,0.781681443406,0.796332275204,0.627615062762,0.609756097561,0.646551724138,0.911596722126,24,96.51162790697676,1080.0,1080.828,0.298,6,3863,0.005555555555555556,3.5768518518518517,1.018,1.1593,760.05,761.7,1099.44,0.7319242709028532,0.717036349604,True,90.147,0.7890000000000157,992.6279999999998,0.0,0.0
suspension,distributed,20260935,iwshap-formal-a1-suspension-distributed-s20260935,617cf0fba5eb3f273165611b41c46a8977ce20066d5ac2fa889d22e7c13b829c,0.798493379884,0.795767765043,0.80129407125,0.643923240938,0.637130801688,0.650862068966,0.917059846039,15,97.81976744186046,1080.0,1151.197,0.308,7893,9410,7.308333333333334,8.712962962962964,3.6302000000000003,4.291,3300.192,3426.64,3920.6160000000004,0.7326551237213611,0.717036349604,True,113.54,976.7385892868042,976.4052379131317,973.0240893363953,99.6537146211994
suspension,monolith,20260935,iwshap-formal-a1-suspension-monolith-s20260935,8f34e95c1ff8ed10b16becdbb46e89e57fbb43b9fe5b385a5cb66f996dc8a114,0.798493379884,0.795767765043,0.80129407125,0.643923240938,0.637130801688,0.650862068966,0.917059846039,15,97.81976744186046,1080.0,1080.753,0.225,7,4154,0.006481481481481481,3.846296296296296,1.01925,1.0362,778.45,780.9,1100.79,0.741366523948273,0.717036349604,True,87.726,0.703000000000003,993.6709999999999,0.0,0.0
suspension,distributed,20260936,iwshap-formal-a1-suspension-distributed-s20260936,9172dd931193fb938de6886b03178f3200692692093a7581cd4a8acb28163d8f,0.78276648462,0.790158220641,0.775898059075,0.614190687361,0.632420091324,0.596982758621,0.91358331264,21,96.94767441860465,1080.0,1153.458,0.376,7941,9286,7.352777777777778,8.598148148148148,3.8820999999999994,4.480500000000001,3086.2799999999997,3190.2760000000007,4192.668,0.7353445037008334,0.717036349604,True,112.289,984.1387388706207,983.4081680774689,980.0003490447998,99.65346850440227
suspension,monolith,20260936,iwshap-formal-a1-suspension-monolith-s20260936,9e701f07a136ff129aa9bd9b7effc5b2210284dc0dc75852b0576bfbabc61121,0.78484464912,0.78758641352,0.782178181889,0.618736383442,0.625550660793,0.612068965517,0.913086665011,20,97.09302325581395,1080.0,1080.744,0.266,6,3897,0.005555555555555556,3.6083333333333334,1.01755,1.0403,782.1,784.5,1098.954,0.7382827303839111,0.717036349604,True,95.632,0.6540000000000106,993.6579999999999,0.0,0.0
suspension,distributed,20260937,iwshap-formal-a1-suspension-distributed-s20260937,2cd606b62ae4600e28f9e2c8d704c4b67f06559e896c5e634f9aef5c9123e609,0.788873381519,0.787801720929,0.789956884454,0.62660944206,0.623931623932,0.629310344828,0.91358331264,24,96.51162790697676,1080.0,1152.012,0.381,7917,9216,7.330555555555556,8.533333333333333,3.5572,4.2645,3082.477,3204.8519999999994,3841.776,0.7213161190203057,0.717036349604,True,120.78600000000002,976.5337171554565,976.6001169681549,973.1889224052429,99.65070713144065
suspension,monolith,20260937,iwshap-formal-a1-suspension-monolith-s20260937,fa5d03ced5512ed1027bc8a26bcb0b99d9be1a1fc5ef685fd34f6de8f7e2c078,0.76879352751,0.765160706847,0.772580315406,0.591728525981,0.582463465553,0.601293103448,0.904395331512,17,97.52906976744185,1080.0,1080.609,0.246,7,4232,0.006481481481481481,3.9185185185185185,1.0171,1.042,757.1,761.6,1098.4679999999998,0.7213439729005706,0.717036349604,True,92.357,0.6339999999999577,994.2560000000001,0.0,0.0
suspension,distributed,20260938,iwshap-formal-a1-suspension-distributed-s20260938,d4eb452e84b53ece7ea37303dd7a0776ac0a6206a60b31bf29b80e576e3abe72,0.795131444263,0.799151057683,0.791264928334,0.636761487965,0.646666666667,0.627155172414,0.917556493668,24,96.51162790697676,1080.0,1153.76,0.395,7865,9347,7.282407407407407,8.65462962962963,3.6321000000000003,4.267799999999999,3386.496,3527.692,3922.6680000000006,0.7336953646547962,0.717036349604,True,112.558,981.5885941982269,979.5018377304077,976.1550960540771,99.65832206256138
suspension,monolith,20260938,iwshap-formal-a1-suspension-monolith-s20260938,a3d4bbd808c8af369768a47b692379d1af7e1369729547ceacebdefae8bb4f2f,0.786833095678,0.784469989447,0.789255228546,0.623265741729,0.61733615222,0.629310344828,0.912341693568,23,96.65697674418605,1080.0,1080.738,0.284,7,3985,0.006481481481481481,3.689814814814815,1.0210499999999998,1.0453000000000001,765.5999999999999,768.6,1102.7339999999997,0.7418807583683056,0.717036349604,True,93.021,0.6760000000000304,993.501,0.0,0.0
suspension,distributed,20260939,iwshap-formal-a1-suspension-distributed-s20260939,9b9f284918f77ba6cb9edea25ab98be8e5a908f0942830f51e392a1a18d150d4,0.794973051574,0.794697312734,0.795249547553,0.637244348762,0.636559139785,0.637931034483,0.916314874596,24,96.51162790697676,1080.0,1154.311,0.384,7983,9409,7.391666666666667,8.712037037037037,3.5358,4.54,3327.5919999999996,3494.9080000000004,3818.664,0.7321715463109723,0.717036349604,True,116.266,984.120297908783,983.8787581920624,980.5057001113892,99.65716730312671
suspension,monolith,20260939,iwshap-formal-a1-suspension-monolith-s20260939,8552b81a778ebf630a9fdf112e9ed1196f21ea1474f4a80beef8024b6283cc22,0.788873381519,0.787801720929,0.789956884454,0.62660944206,0.623931623932,0.629310344828,0.91358331264,24,96.51162790697676,1080.0,1080.613,0.304,6,3926,0.005555555555555556,3.6351851851851853,1.0199,1.0713,777.0,782.0,1101.492,0.73689751921136,0.717036349604,True,96.842,0.6850000000000733,992.4950000000001,0.0,0.0
