scenario,architecture,metric,iwshap_fixed_subset,architecture_median,median_difference,higher,equal,lower,inference_status
suspension,distributed,f1_macro,0.8300482293127028,0.7235177823055174,-0.10653044700718539,0,0,30,descriptive; fixed comparator is not a paired stochastic sample
suspension,distributed,f1_positive,0.6998939554612937,0.5110735104534498,-0.1888204450078439,0,0,30,descriptive; fixed comparator is not a paired stochastic sample
suspension,distributed,precision_positive,0.6889352818371608,0.5112557553923776,-0.17767952644478324,0,0,30,descriptive; fixed comparator is not a paired stochastic sample
suspension,distributed,recall_positive,0.7112068965517241,0.5107758620689655,-0.20043103448275856,0,0,30,descriptive; fixed comparator is not a paired stochastic sample
suspension,monolith,f1_macro,0.8300482293127028,0.7235438107628701,-0.10650441854983272,0,0,30,descriptive; fixed comparator is not a paired stochastic sample
suspension,monolith,f1_positive,0.6998939554612937,0.510314875135722,-0.1895790803255717,0,0,30,descriptive; fixed comparator is not a paired stochastic sample
suspension,monolith,precision_positive,0.6889352818371608,0.5132821534903177,-0.1756531283468431,0,0,30,descriptive; fixed comparator is not a paired stochastic sample
suspension,monolith,recall_positive,0.7112068965517241,0.5075431034482758,-0.2036637931034483,0,0,30,descriptive; fixed comparator is not a paired stochastic sample
fabrication,distributed,f1_macro,0.8824229701717387,0.8876804957766158,0.0052575256048771335,26,0,4,descriptive; fixed comparator is not a paired stochastic sample
fabrication,distributed,f1_positive,0.799667497921862,0.8031778028102212,0.003510304888359239,16,0,14,descriptive; fixed comparator is not a paired stochastic sample
fabrication,distributed,precision_positive,0.675561797752809,0.7871955859969558,0.11163378824414683,30,0,0,descriptive; fixed comparator is not a paired stochastic sample
fabrication,distributed,recall_positive,0.9796334012219959,0.8207739307535642,-0.15885947046843174,0,0,30,descriptive; fixed comparator is not a paired stochastic sample
fabrication,monolith,f1_macro,0.8824229701717387,0.8890525467894774,0.006629576617738775,27,0,3,descriptive; fixed comparator is not a paired stochastic sample
fabrication,monolith,f1_positive,0.799667497921862,0.8056394763343404,0.005971978412478429,20,0,10,descriptive; fixed comparator is not a paired stochastic sample
fabrication,monolith,precision_positive,0.675561797752809,0.7887025558935765,0.11314075814076752,30,0,0,descriptive; fixed comparator is not a paired stochastic sample
fabrication,monolith,recall_positive,0.9796334012219959,0.8238289205702647,-0.15580448065173125,0,0,30,descriptive; fixed comparator is not a paired stochastic sample
