scenario,method,method_group,subset_size,reduction_percent,test_f1_macro,test_f1_positive,test_precision_positive,test_recall_positive,validation_f1_macro,validation_f1_positive,validation_precision_positive,validation_recall_positive,result_path,result_sha256
suspension,all-features,all-features,688,0.0,0.7349655004565044,0.5329153605015674,0.5172413793103449,0.5495689655172413,0.730050927333536,0.5239130434782608,0.5285087719298246,0.5193965517241379,C:\Users\Rider V\Downloads\G-FShield\tmp_metrics\iwshap-study-20260913\xgboost-formal-v1\suspension\all-features\final-result.json,a19c1a5cd03941d86433552dd69983a6bf3ecd61d89a2db1b552ba7453e46a67
suspension,distributed-seed-20260910,distributed,23,96.65697674418605,0.6958444943027026,0.4617044228694714,0.46220302375809935,0.46120689655172414,0.7058615288295319,0.4808743169398907,0.4878048780487805,0.47413793103448276,C:\Users\Rider V\Downloads\G-FShield\tmp_metrics\iwshap-study-20260913\xgboost-formal-v1\suspension\distributed-seed-20260910\final-result.json,5664719afc01e02fb73c72a6bdc990cb6b33aa3fd3934e34b84a6d3c0b7bb512
suspension,distributed-seed-20260911,distributed,18,97.38372093023256,0.7237003079086175,0.5112781954887218,0.5096359743040685,0.5129310344827587,0.7254782304778857,0.515778019586507,0.5208791208791209,0.5107758620689655,C:\Users\Rider V\Downloads\G-FShield\tmp_metrics\iwshap-study-20260913\xgboost-formal-v1\suspension\distributed-seed-20260911\final-result.json,50cc725d7932d6a99d6bedfb00af8e1a88abb9e34cb9fb33855c08f7284d610d
suspension,distributed-seed-20260912,distributed,23,96.65697674418605,0.7224858037675566,0.5091299677765844,0.5074946466809421,0.5107758620689655,0.718957129826695,0.5043478260869565,0.5087719298245614,0.5,C:\Users\Rider V\Downloads\G-FShield\tmp_metrics\iwshap-study-20260913\xgboost-formal-v1\suspension\distributed-seed-20260912\final-result.json,670690a90f06453907faccacf3f60721149a09a1e41e3cbaf3c0ec9fa792aeb4
suspension,distributed-seed-20260913,distributed,15,97.81976744186046,0.7025284199268648,0.4717607973421927,0.48519362186788156,0.45905172413793105,0.7192688690343316,0.5028058361391695,0.5245901639344263,0.4827586206896552,C:\Users\Rider V\Downloads\G-FShield\tmp_metrics\iwshap-study-20260913\xgboost-formal-v1\suspension\distributed-seed-20260913\final-result.json,50ce1f242797cb9a9085b0d7fcbe44bc84d8481931f2521ee2d302a149f5dfdf
suspension,distributed-seed-20260914,distributed,15,97.81976744186046,0.7025284199268648,0.4717607973421927,0.48519362186788156,0.45905172413793105,0.7192688690343316,0.5028058361391695,0.5245901639344263,0.4827586206896552,C:\Users\Rider V\Downloads\G-FShield\tmp_metrics\iwshap-study-20260913\xgboost-formal-v1\suspension\distributed-seed-20260914\final-result.json,cdec8182068f1dbc8791bdca1e5a621e590dabeb0a3f1212d0d585fba2644dfd
suspension,distributed-seed-20260915,distributed,26,96.22093023255815,0.7267047070602473,0.515778019586507,0.5208791208791209,0.5107758620689655,0.7058872710434245,0.48008849557522126,0.49318181818181817,0.4676724137931034,C:\Users\Rider V\Downloads\G-FShield\tmp_metrics\iwshap-study-20260913\xgboost-formal-v1\suspension\distributed-seed-20260915\final-result.json,5cd8bef7fb76cee40ba6a6002ba1d60b649db3f0232ed26086e50f6d8b1622fb
suspension,distributed-seed-20260916,distributed,21,96.94767441860466,0.7387284111174491,0.5366922234392114,0.5456570155902004,0.5280172413793104,0.7034802121815991,0.4746906636670416,0.4964705882352941,0.4547413793103448,C:\Users\Rider V\Downloads\G-FShield\tmp_metrics\iwshap-study-20260913\xgboost-formal-v1\suspension\distributed-seed-20260916\final-result.json,c030fe2473116c8ed9f2a5f95976e95e871e9e76632d48506285859f80a78e76
suspension,distributed-seed-20260917,distributed,23,96.65697674418605,0.7277725709377574,0.517467248908297,0.5243362831858407,0.5107758620689655,0.7246330356476919,0.5137211855104281,0.5234899328859061,0.5043103448275862,C:\Users\Rider V\Downloads\G-FShield\tmp_metrics\iwshap-study-20260913\xgboost-formal-v1\suspension\distributed-seed-20260917\final-result.json,ea25a5cdf0f72d458dbefa11799743f352a3a0348f3839b84d71ea458ebce2f7
suspension,distributed-seed-20260918,distributed,8,98.83720930232558,0.7469775271648791,0.5528281750266809,0.547568710359408,0.5581896551724138,0.7344411898117182,0.5308370044052864,0.5427927927927928,0.5193965517241379,C:\Users\Rider V\Downloads\G-FShield\tmp_metrics\iwshap-study-20260913\xgboost-formal-v1\suspension\distributed-seed-20260918\final-result.json,88240c9fa32f2114e593caef5f44b57c3cfbde6123a2f3bb439e2cbbea28916e
suspension,distributed-seed-20260919,distributed,15,97.81976744186046,0.7025284199268648,0.4717607973421927,0.48519362186788156,0.45905172413793105,0.7192688690343316,0.5028058361391695,0.5245901639344263,0.4827586206896552,C:\Users\Rider V\Downloads\G-FShield\tmp_metrics\iwshap-study-20260913\xgboost-formal-v1\suspension\distributed-seed-20260919\final-result.json,90846f02a203766ed4e0da5d3d2b72e11772f356093f501038f9d36097d44573
suspension,distributed-seed-20260920,distributed,13,98.11046511627907,0.7467314155358207,0.55119825708061,0.5572687224669604,0.5452586206896551,0.7575195299890245,0.5711111111111111,0.5894495412844036,0.5538793103448276,C:\Users\Rider V\Downloads\G-FShield\tmp_metrics\iwshap-study-20260913\xgboost-formal-v1\suspension\distributed-seed-20260920\final-result.json,24382993a36b7ebb4f8d05c95bf31e3c1a6d08b28b4ffd38a45670a52baca72a
suspension,distributed-seed-20260921,distributed,16,97.67441860465115,0.7262522274029994,0.5164718384697131,0.5094339622641509,0.5237068965517241,0.7214360879288982,0.5062146892655367,0.5320665083135392,0.4827586206896552,C:\Users\Rider V\Downloads\G-FShield\tmp_metrics\iwshap-study-20260913\xgboost-formal-v1\suspension\distributed-seed-20260921\final-result.json,bd799953724ab2a0984315a8d968df700b5f7adfc130ecfb001200db012bda8e
suspension,distributed-seed-20260922,distributed,15,97.81976744186046,0.7025284199268648,0.4717607973421927,0.48519362186788156,0.45905172413793105,0.7192688690343316,0.5028058361391695,0.5245901639344263,0.4827586206896552,C:\Users\Rider V\Downloads\G-FShield\tmp_metrics\iwshap-study-20260913\xgboost-formal-v1\suspension\distributed-seed-20260922\final-result.json,352b6f21ff79cd31c4a35e5bdfa7dfb500d88f7e8cd5ea3578ce8164123c835e
suspension,distributed-seed-20260923,distributed,21,96.94767441860466,0.7252654966099751,0.513978494623656,0.5128755364806867,0.5150862068965517,0.7250806623016441,0.5156418554476807,0.5161987041036717,0.5150862068965517,C:\Users\Rider V\Downloads\G-FShield\tmp_metrics\iwshap-study-20260913\xgboost-formal-v1\suspension\distributed-seed-20260923\final-result.json,da881089308ff6626e8415b3bd80b7a8a0bfa6f672ac597ad9982700910e2e49
suspension,distributed-seed-20260924,distributed,27,96.07558139534885,0.7467314155358207,0.55119825708061,0.5572687224669604,0.5452586206896551,0.7293008829016809,0.5215469613259669,0.5351473922902494,0.5086206896551724,C:\Users\Rider V\Downloads\G-FShield\tmp_metrics\iwshap-study-20260913\xgboost-formal-v1\suspension\distributed-seed-20260924\final-result.json,d768f43d499631c7e962505a569c004760f447f48252acc796ca9e29bb425219
suspension,distributed-seed-20260925,distributed,20,97.09302325581395,0.7221381368201396,0.5071350164654226,0.5167785234899329,0.4978448275862069,0.7265068487802847,0.515695067264574,0.5373831775700935,0.4956896551724138,C:\Users\Rider V\Downloads\G-FShield\tmp_metrics\iwshap-study-20260913\xgboost-formal-v1\suspension\distributed-seed-20260925\final-result.json,5520cb27b779a6510ceb4ab2b0cf4d9c17a33bba8adc03fdefbc6dca3916c83c
suspension,distributed-seed-20260926,distributed,24,96.51162790697676,0.7203168883017119,0.5027932960893855,0.5220417633410673,0.4849137931034483,0.7247971868938301,0.5142231947483589,0.5222222222222223,0.5064655172413793,C:\Users\Rider V\Downloads\G-FShield\tmp_metrics\iwshap-study-20260913\xgboost-formal-v1\suspension\distributed-seed-20260926\final-result.json,9cd13862ecc0db8fddd8aa7f8eaddb8efe54960b2d798780761f6a22547ee815
suspension,distributed-seed-20260927,distributed,14,97.96511627906976,0.7749822697152409,0.5988571428571429,0.6374695863746959,0.5646551724137931,0.7748953631948134,0.6004566210045662,0.6383495145631068,0.5668103448275862,C:\Users\Rider V\Downloads\G-FShield\tmp_metrics\iwshap-study-20260913\xgboost-formal-v1\suspension\distributed-seed-20260927\final-result.json,72795baeae4938fbae5369e3baca3d581272efa0c59b9f17ea1edb71790c5de9
suspension,distributed-seed-20260928,distributed,18,97.38372093023256,0.7135926724873282,0.492972972972973,0.4945770065075922,0.49137931034482757,0.7083595310464611,0.48228571428571426,0.51338199513382,0.4547413793103448,C:\Users\Rider V\Downloads\G-FShield\tmp_metrics\iwshap-study-20260913\xgboost-formal-v1\suspension\distributed-seed-20260928\final-result.json,279940ca8d42483f73ea08495ce594626932ad7d9df9e2dae9f8105a915dd28d
suspension,distributed-seed-20260929,distributed,18,97.38372093023256,0.7329174173323514,0.527448869752422,0.5268817204301075,0.5280172413793104,0.7272038718999281,0.5172798216276477,0.535796766743649,0.5,C:\Users\Rider V\Downloads\G-FShield\tmp_metrics\iwshap-study-20260913\xgboost-formal-v1\suspension\distributed-seed-20260929\final-result.json,e2e00e7380fd76a7f402c38201253808115bf93331ddd36e10ac3e4abcf6f85c
suspension,distributed-seed-20260930,distributed,19,97.23837209302324,0.7167560208412574,0.4989247311827957,0.4978540772532189,0.5,0.7118045049732421,0.48928974069898534,0.5130023640661938,0.4676724137931034,C:\Users\Rider V\Downloads\G-FShield\tmp_metrics\iwshap-study-20260913\xgboost-formal-v1\suspension\distributed-seed-20260930\final-result.json,7d291aae1fbe3fbc8468ddb8991a45160cabd261f6f40329ad5a67fa054b3512
suspension,distributed-seed-20260931,distributed,22,96.80232558139534,0.7161459769903585,0.49671772428884026,0.5044444444444445,0.4892241379310345,0.703263334098998,0.47491638795986624,0.49191685912240185,0.45905172413793105,C:\Users\Rider V\Downloads\G-FShield\tmp_metrics\iwshap-study-20260913\xgboost-formal-v1\suspension\distributed-seed-20260931\final-result.json,870d84c7e583a003d2087a7593fc057a7f8b92ef212c57a552b709f594affb58
suspension,distributed-seed-20260932,distributed,17,97.52906976744185,0.7041541441260937,0.47619047619047616,0.4782608695652174,0.47413793103448276,0.703495383820776,0.47555555555555556,0.4908256880733945,0.46120689655172414,C:\Users\Rider V\Downloads\G-FShield\tmp_metrics\iwshap-study-20260913\xgboost-formal-v1\suspension\distributed-seed-20260932\final-result.json,45f6a54b736d3b794f5b0d0b44a224144d54e129e36a49c5aef25dd9980ae741
suspension,distributed-seed-20260933,distributed,22,96.80232558139534,0.7123713192783189,0.4908108108108108,0.4924078091106291,0.4892241379310345,0.7117077364042594,0.4912663755458515,0.497787610619469,0.4849137931034483,C:\Users\Rider V\Downloads\G-FShield\tmp_metrics\iwshap-study-20260913\xgboost-formal-v1\suspension\distributed-seed-20260933\final-result.json,649bb83e263647d1ceb1270ec46730c182435658fdeaf077c0d6f7a1c7b8d574
suspension,distributed-seed-20260934,distributed,22,96.80232558139534,0.7268335316223822,0.5166846071044133,0.5161290322580645,0.5172413793103449,0.7237691925524616,0.5116279069767442,0.5261958997722096,0.4978448275862069,C:\Users\Rider V\Downloads\G-FShield\tmp_metrics\iwshap-study-20260913\xgboost-formal-v1\suspension\distributed-seed-20260934\final-result.json,daa4cf65503cf7c023ab6d8d3f9eb2ebdb1004f835e904f66b53450bb69a6201
suspension,distributed-seed-20260935,distributed,15,97.81976744186046,0.7715001279491234,0.5924225028702641,0.6339066339066339,0.5560344827586207,0.7881229440091211,0.6248600223964166,0.6503496503496503,0.6012931034482759,C:\Users\Rider V\Downloads\G-FShield\tmp_metrics\iwshap-study-20260913\xgboost-formal-v1\suspension\distributed-seed-20260935\final-result.json,a6468dc9915df725167b9d34e0d1de900cbe15fde03ef23c8b4c5258d3d19cbc
suspension,distributed-seed-20260936,distributed,21,96.94767441860466,0.7233352567024174,0.5111821086261981,0.5052631578947369,0.5172413793103449,0.7111734175377469,0.4888392857142857,0.5069444444444444,0.47198275862068967,C:\Users\Rider V\Downloads\G-FShield\tmp_metrics\iwshap-study-20260913\xgboost-formal-v1\suspension\distributed-seed-20260936\final-result.json,6a028786b017bcab3a089efc80a54419c507832edfdc066259061da5d796cbfc
suspension,distributed-seed-20260937,distributed,24,96.51162790697676,0.7111499660693096,0.48864864864864865,0.49023861171366595,0.4870689655172414,0.7114144359042318,0.49134199134199136,0.4934782608695652,0.4892241379310345,C:\Users\Rider V\Downloads\G-FShield\tmp_metrics\iwshap-study-20260913\xgboost-formal-v1\suspension\distributed-seed-20260937\final-result.json,9e1dca5ea8b3cd149abe08bb02809773169d6711da7da9d8e82302a79c7b3af4
suspension,distributed-seed-20260938,distributed,24,96.51162790697676,0.7242587092907289,0.5109649122807017,0.5200892857142857,0.5021551724137931,0.7287801822567254,0.5204872646733112,0.5353075170842825,0.5064655172413793,C:\Users\Rider V\Downloads\G-FShield\tmp_metrics\iwshap-study-20260913\xgboost-formal-v1\suspension\distributed-seed-20260938\final-result.json,004dcf5908d6826a31ab941fec07fd870232d227811cbb8414af204c41f6057a
suspension,distributed-seed-20260939,distributed,24,96.51162790697676,0.7265127934690112,0.5157096424702059,0.5185185185185185,0.5129310344827587,0.7241631132292385,0.5112612612612613,0.535377358490566,0.4892241379310345,C:\Users\Rider V\Downloads\G-FShield\tmp_metrics\iwshap-study-20260913\xgboost-formal-v1\suspension\distributed-seed-20260939\final-result.json,0ac9f00dd12a1ebdd2d105f3f593402918d62e052bf529c07e4539f5c0557ef2
suspension,historical-iwshap-subset,historical-iwshap-subset,16,97.67441860465115,0.8300482293127028,0.6998939554612937,0.6889352818371608,0.7112068965517241,0.8343492651225694,0.7075575027382256,0.7193763919821826,0.6961206896551724,C:\Users\Rider V\Downloads\G-FShield\tmp_metrics\iwshap-study-20260913\xgboost-formal-v1\suspension\historical-iwshap-subset\final-result.json,6570f0f70c151d8015bad4f394f3ba22978806ea92136eec3d9ef45e4dc2373c
suspension,monolith-seed-20260910,monolith,23,96.65697674418605,0.7067897683349094,0.48187633262260127,0.4767932489451477,0.4870689655172414,0.7025939437344733,0.4747252747252747,0.484304932735426,0.46551724137931033,C:\Users\Rider V\Downloads\G-FShield\tmp_metrics\iwshap-study-20260913\xgboost-formal-v1\suspension\monolith-seed-20260910\final-result.json,a323e6a21194297369da64201cc0a17442576e728d02be57e0981e252ca03da7
suspension,monolith-seed-20260911,monolith,18,97.38372093023256,0.7240654806588905,0.5113759479956663,0.514161220043573,0.5086206896551724,0.7115905691830161,0.49002217294900224,0.5045662100456622,0.47629310344827586,C:\Users\Rider V\Downloads\G-FShield\tmp_metrics\iwshap-study-20260913\xgboost-formal-v1\suspension\monolith-seed-20260911\final-result.json,b6bf638e522491a11426eb8daa40179bbc9142dd76f0fb7938a44fa82c685829
suspension,monolith-seed-20260912,monolith,23,96.65697674418605,0.7224858037675566,0.5091299677765844,0.5074946466809421,0.5107758620689655,0.718957129826695,0.5043478260869565,0.5087719298245614,0.5,C:\Users\Rider V\Downloads\G-FShield\tmp_metrics\iwshap-study-20260913\xgboost-formal-v1\suspension\monolith-seed-20260912\final-result.json,0bc5f85620685ed795291f47ed728a03934e914011e4c15fa8db951291d6b39d
suspension,monolith-seed-20260913,monolith,24,96.51162790697676,0.7081579473931059,0.48320693391115926,0.485838779956427,0.48060344827586204,0.7106112999743492,0.48769574944071586,0.5069767441860465,0.4698275862068966,C:\Users\Rider V\Downloads\G-FShield\tmp_metrics\iwshap-study-20260913\xgboost-formal-v1\suspension\monolith-seed-20260913\final-result.json,df2e9f99ba73bed5a53c6b54c5ced929739421d5acc8010c7ab84f184e99c1db
suspension,monolith-seed-20260914,monolith,12,98.25581395348837,0.766247177551905,0.5852585258525853,0.597752808988764,0.5732758620689655,0.7501748145779188,0.5576707726763718,0.5804195804195804,0.5366379310344828,C:\Users\Rider V\Downloads\G-FShield\tmp_metrics\iwshap-study-20260913\xgboost-formal-v1\suspension\monolith-seed-20260914\final-result.json,05f8e7cb849b46c658e7d19a5d6b6136196deebe3e21442a78505efa9ef9cbe1
suspension,monolith-seed-20260915,monolith,26,96.22093023255815,0.7173077023822086,0.5005324813631523,0.49473684210526314,0.5064655172413793,0.7184297673029216,0.5047923322683706,0.49894736842105264,0.5107758620689655,C:\Users\Rider V\Downloads\G-FShield\tmp_metrics\iwshap-study-20260913\xgboost-formal-v1\suspension\monolith-seed-20260915\final-result.json,557f94b3751bd67fb88e700a72d3731236497e32f3b44efaf82bb479ed76b4f7
suspension,monolith-seed-20260916,monolith,20,97.09302325581395,0.7169476169588352,0.4972253052164262,0.5125858123569794,0.4827586206896552,0.7234088804280716,0.5110619469026548,0.525,0.4978448275862069,C:\Users\Rider V\Downloads\G-FShield\tmp_metrics\iwshap-study-20260913\xgboost-formal-v1\suspension\monolith-seed-20260916\final-result.json,3732427a09d8d12f8c0aa6abf488881bf93b441104d176d2e9527f2b0fb36419
suspension,monolith-seed-20260917,monolith,20,97.09302325581395,0.7226638174503601,0.5091693635382956,0.509719222462203,0.5086206896551724,0.7275274348306594,0.5182724252491694,0.5330296127562643,0.5043103448275862,C:\Users\Rider V\Downloads\G-FShield\tmp_metrics\iwshap-study-20260913\xgboost-formal-v1\suspension\monolith-seed-20260917\final-result.json,77ab24be70c089ca681d342dbcde312997d3914a734e5e39083bb9ce44d7be36
suspension,monolith-seed-20260918,monolith,8,98.83720930232558,0.7469775271648791,0.5528281750266809,0.547568710359408,0.5581896551724138,0.7344411898117182,0.5308370044052864,0.5427927927927928,0.5193965517241379,C:\Users\Rider V\Downloads\G-FShield\tmp_metrics\iwshap-study-20260913\xgboost-formal-v1\suspension\monolith-seed-20260918\final-result.json,ceb77cbaea31ab1aee5bc525b5c4f7ffa88df1b4a36b81a49d5e23012a82ad19
suspension,monolith-seed-20260919,monolith,15,97.81976744186046,0.7025284199268648,0.4717607973421927,0.48519362186788156,0.45905172413793105,0.7192688690343316,0.5028058361391695,0.5245901639344263,0.4827586206896552,C:\Users\Rider V\Downloads\G-FShield\tmp_metrics\iwshap-study-20260913\xgboost-formal-v1\suspension\monolith-seed-20260919\final-result.json,c3cfcd2de3699ed1d6ad4e4c82cb1837e2b9498937ad067c5c6f0de5143203d4
suspension,monolith-seed-20260920,monolith,25,96.36627906976744,0.724701112201739,0.5138004246284501,0.5062761506276151,0.521551724137931,0.7169298305425948,0.4988814317673378,0.5186046511627908,0.48060344827586204,C:\Users\Rider V\Downloads\G-FShield\tmp_metrics\iwshap-study-20260913\xgboost-formal-v1\suspension\monolith-seed-20260920\final-result.json,a70087eddd359b064674dcd64a2a02ccad4360117a751246b844bf8d354da6c5
suspension,monolith-seed-20260921,monolith,26,96.22093023255815,0.7235438107628701,0.510314875135722,0.5142231947483589,0.5064655172413793,0.7305512252439363,0.523756906077348,0.5374149659863946,0.5107758620689655,C:\Users\Rider V\Downloads\G-FShield\tmp_metrics\iwshap-study-20260913\xgboost-formal-v1\suspension\monolith-seed-20260921\final-result.json,2964a208c86d5d779be0d482dbdbfa7ac3cf5901045a20c299640148cf61b213
suspension,monolith-seed-20260922,monolith,20,97.09302325581395,0.6963996101722965,0.4617067833698031,0.4688888888888889,0.4547413793103448,0.7103366151359858,0.4878048780487805,0.502283105022831,0.47413793103448276,C:\Users\Rider V\Downloads\G-FShield\tmp_metrics\iwshap-study-20260913\xgboost-formal-v1\suspension\monolith-seed-20260922\final-result.json,912e5a7d39da214a5b97c913c8202e45e55d32b1a26110a3e01acf32cef7f98c
suspension,monolith-seed-20260923,monolith,21,96.94767441860466,0.7256167544803882,0.5145317545748116,0.513978494623656,0.5150862068965517,0.7259485776365027,0.5172413793103449,0.5172413793103449,0.5172413793103449,C:\Users\Rider V\Downloads\G-FShield\tmp_metrics\iwshap-study-20260913\xgboost-formal-v1\suspension\monolith-seed-20260923\final-result.json,912fa404cfed856ed384d45eaccf4f00ea68d2c7ef7cfea7f764cb8bb91e2a63
suspension,monolith-seed-20260924,monolith,29,95.78488372093024,0.7510780955705362,0.5593952483801296,0.5606060606060606,0.5581896551724138,0.7377924151986837,0.5361512791991101,0.5540229885057472,0.5193965517241379,C:\Users\Rider V\Downloads\G-FShield\tmp_metrics\iwshap-study-20260913\xgboost-formal-v1\suspension\monolith-seed-20260924\final-result.json,2665ec6ffcf0bbed9226e959f5552f7dc674eeafa004298b1c4029a69a933a21
suspension,monolith-seed-20260925,monolith,21,96.94767441860466,0.7147963843071475,0.49333333333333335,0.5091743119266054,0.47844827586206895,0.6982232208777496,0.4659977703455964,0.48267898383371827,0.4504310344827586,C:\Users\Rider V\Downloads\G-FShield\tmp_metrics\iwshap-study-20260913\xgboost-formal-v1\suspension\monolith-seed-20260925\final-result.json,1e52b33b16e38237db0c1ccf31621644ae518b19eb725d71f523b111389e0b3f
suspension,monolith-seed-20260926,monolith,23,96.65697674418605,0.7228226371567529,0.5101387406616862,0.5052854122621564,0.5150862068965517,0.730050927333536,0.5239130434782608,0.5285087719298246,0.5193965517241379,C:\Users\Rider V\Downloads\G-FShield\tmp_metrics\iwshap-study-20260913\xgboost-formal-v1\suspension\monolith-seed-20260926\final-result.json,b375ca439f6f56ee5ef58123aea6366a8444e8d208e0c4ada49726bf3eb7b019
suspension,monolith-seed-20260927,monolith,14,97.96511627906976,0.7749822697152409,0.5988571428571429,0.6374695863746959,0.5646551724137931,0.7748953631948134,0.6004566210045662,0.6383495145631068,0.5668103448275862,C:\Users\Rider V\Downloads\G-FShield\tmp_metrics\iwshap-study-20260913\xgboost-formal-v1\suspension\monolith-seed-20260927\final-result.json,12db0ebed61b886e025255af506d270fac72ba76e35c696228bff966d2c13a06
suspension,monolith-seed-20260928,monolith,23,96.65697674418605,0.7237241408183719,0.5103598691384951,0.5165562913907285,0.5043103448275862,0.7255924859008573,0.5166846071044133,0.5161290322580645,0.5172413793103449,C:\Users\Rider V\Downloads\G-FShield\tmp_metrics\iwshap-study-20260913\xgboost-formal-v1\suspension\monolith-seed-20260928\final-result.json,377b9ab4378f60d3c2d122bdcdfec648e1ac91de4fec0424812c1ad34699f5c7
suspension,monolith-seed-20260929,monolith,18,97.38372093023256,0.7329174173323514,0.527448869752422,0.5268817204301075,0.5280172413793104,0.7272038718999281,0.5172798216276477,0.535796766743649,0.5,C:\Users\Rider V\Downloads\G-FShield\tmp_metrics\iwshap-study-20260913\xgboost-formal-v1\suspension\monolith-seed-20260929\final-result.json,dda64887313109fe655d0943527e0076f475dac80414807defd6dd9297146b10
suspension,monolith-seed-20260930,monolith,19,97.23837209302324,0.7034900844296093,0.47516198704103674,0.47619047619047616,0.47413793103448276,0.7011373018638145,0.47276688453159044,0.4779735682819383,0.4676724137931034,C:\Users\Rider V\Downloads\G-FShield\tmp_metrics\iwshap-study-20260913\xgboost-formal-v1\suspension\monolith-seed-20260930\final-result.json,87eefdf041b11fe24931d3617028c42c45dc2739ff7a977ca7ab0ae36612cc1b
suspension,monolith-seed-20260931,monolith,25,96.36627906976744,0.7235438107628701,0.510314875135722,0.5142231947483589,0.5064655172413793,0.7305512252439363,0.523756906077348,0.5374149659863946,0.5107758620689655,C:\Users\Rider V\Downloads\G-FShield\tmp_metrics\iwshap-study-20260913\xgboost-formal-v1\suspension\monolith-seed-20260931\final-result.json,fdda23229d47f386eaa791c22fe2325e2acdc93bb5bbf234dad6d7efc13abd3a
suspension,monolith-seed-20260932,monolith,27,96.07558139534885,0.724430799188939,0.5114754098360655,0.5188470066518847,0.5043103448275862,0.7105457477678482,0.48839779005524864,0.5011337868480725,0.47629310344827586,C:\Users\Rider V\Downloads\G-FShield\tmp_metrics\iwshap-study-20260913\xgboost-formal-v1\suspension\monolith-seed-20260932\final-result.json,3cc802c1f0249aa541a4cb7de6e7994f4ef1787b748fa61dca3a3a671cd774e4
suspension,monolith-seed-20260933,monolith,15,97.81976744186046,0.7261853956885869,0.514721919302072,0.5209713024282561,0.5086206896551724,0.7176114117906223,0.4994350282485876,0.5249406175771971,0.47629310344827586,C:\Users\Rider V\Downloads\G-FShield\tmp_metrics\iwshap-study-20260913\xgboost-formal-v1\suspension\monolith-seed-20260933\final-result.json,bb386e041f473430d3d86312facbff3a8cc87c527426105d6fd33c0446d22c64
suspension,monolith-seed-20260934,monolith,24,96.51162790697676,0.7053766476627626,0.47835497835497837,0.48043478260869565,0.47629310344827586,0.7159306936591313,0.4983534577387486,0.5078299776286354,0.4892241379310345,C:\Users\Rider V\Downloads\G-FShield\tmp_metrics\iwshap-study-20260913\xgboost-formal-v1\suspension\monolith-seed-20260934\final-result.json,0fdc5159d161e895167c803286e861cdb9403f9da8e69b57541642e6e7151d24
suspension,monolith-seed-20260935,monolith,15,97.81976744186046,0.7715001279491234,0.5924225028702641,0.6339066339066339,0.5560344827586207,0.7881229440091211,0.6248600223964166,0.6503496503496503,0.6012931034482759,C:\Users\Rider V\Downloads\G-FShield\tmp_metrics\iwshap-study-20260913\xgboost-formal-v1\suspension\monolith-seed-20260935\final-result.json,2b593bfc56301fdc0645582561b0b01d708c261d638b9ecf6fc7eb2f44758989
suspension,monolith-seed-20260936,monolith,20,97.09302325581395,0.7380197366675134,0.5362162162162162,0.5379609544468547,0.5344827586206896,0.7178796279627963,0.5016501650165016,0.5123595505617977,0.49137931034482757,C:\Users\Rider V\Downloads\G-FShield\tmp_metrics\iwshap-study-20260913\xgboost-formal-v1\suspension\monolith-seed-20260936\final-result.json,cae8fa4cd4d31dcf7278d23ff49ed3ab85f6977fcd1d07d8ccb47cfba22d7cac
suspension,monolith-seed-20260937,monolith,17,97.52906976744185,0.7158436571962485,0.4967462039045553,0.5,0.49353448275862066,0.7073896631823461,0.48214285714285715,0.5,0.46551724137931033,C:\Users\Rider V\Downloads\G-FShield\tmp_metrics\iwshap-study-20260913\xgboost-formal-v1\suspension\monolith-seed-20260937\final-result.json,795cf24fa349784140bcea2f415ab6b1abde0dcae8fe0c647b34023fca803028
suspension,monolith-seed-20260938,monolith,23,96.65697674418605,0.7315548089486175,0.5248380129589633,0.525974025974026,0.5237068965517241,0.7299702334325553,0.5230769230769231,0.5336322869955157,0.5129310344827587,C:\Users\Rider V\Downloads\G-FShield\tmp_metrics\iwshap-study-20260913\xgboost-formal-v1\suspension\monolith-seed-20260938\final-result.json,047c8863caeb91ded6356df63b844f4cb1f4c8d13d9331162cdcfd552237b4a9
suspension,monolith-seed-20260939,monolith,24,96.51162790697676,0.7126484939024045,0.49073064340239914,0.4966887417218543,0.4849137931034483,0.7037252337354067,0.47619047619047616,0.489749430523918,0.46336206896551724,C:\Users\Rider V\Downloads\G-FShield\tmp_metrics\iwshap-study-20260913\xgboost-formal-v1\suspension\monolith-seed-20260939\final-result.json,074848eb28381d5359aefd0d1906d32879b754d8f85cdead9cc59362388e8d8b
fabrication,all-features,all-features,688,0.0,0.8823965841937789,0.7950191570881227,0.7504520795660036,0.845213849287169,0.8867630711134075,0.8023598820058997,0.7727272727272727,0.8343558282208589,C:\Users\Rider V\Downloads\G-FShield\tmp_metrics\iwshap-study-20260913\xgboost-formal-v1\fabrication\all-features\final-result.json,9c642c2e6db24efccf20217c1446b2a33a3845d05496ff54f92e70e760ef1d5d
fabrication,distributed-seed-20260910,distributed,16,97.67441860465115,0.8854130066468288,0.7992047713717694,0.7805825242718447,0.8187372708757638,0.8909470094745587,0.8088978766430738,0.8,0.8179959100204499,C:\Users\Rider V\Downloads\G-FShield\tmp_metrics\iwshap-study-20260913\xgboost-formal-v1\fabrication\distributed-seed-20260910\final-result.json,bbfcd49fc164b285e1e30f836f0396b62594ba8243651799b2940b611ca9de13
fabrication,distributed-seed-20260911,distributed,18,97.38372093023256,0.9009579829389242,0.8263473053892215,0.8101761252446184,0.8431771894093686,0.8988865995515558,0.8229376257545271,0.80990099009901,0.83640081799591,C:\Users\Rider V\Downloads\G-FShield\tmp_metrics\iwshap-study-20260913\xgboost-formal-v1\fabrication\distributed-seed-20260911\final-result.json,e8cd4c1ebaa1c151952aa86c1a6ef9b4aa742c6c1db7b6c350cb2d2b60a4ceba
fabrication,distributed-seed-20260912,distributed,21,96.94767441860466,0.8931722548010206,0.8127490039840638,0.7953216374269005,0.8309572301425662,0.8998927386393405,0.8248248248248248,0.807843137254902,0.8425357873210634,C:\Users\Rider V\Downloads\G-FShield\tmp_metrics\iwshap-study-20260913\xgboost-formal-v1\fabrication\distributed-seed-20260912\final-result.json,068c1982ee4f0d68fa4e2052d74ad36d91314d0c93849bb3463e75000e7b948f
fabrication,distributed-seed-20260913,distributed,20,97.09302325581395,0.8947869213592197,0.8155533399800599,0.798828125,0.8329938900203666,0.8957439883057854,0.8173562058526741,0.8067729083665338,0.8282208588957055,C:\Users\Rider V\Downloads\G-FShield\tmp_metrics\iwshap-study-20260913\xgboost-formal-v1\fabrication\distributed-seed-20260913\final-result.json,7f677e27a9322b6ba40caa51574a0e78f878c255897c54209f87b6070fca9df1
fabrication,distributed-seed-20260914,distributed,18,97.38372093023256,0.9009579829389242,0.8263473053892215,0.8101761252446184,0.8431771894093686,0.8988865995515558,0.8229376257545271,0.80990099009901,0.83640081799591,C:\Users\Rider V\Downloads\G-FShield\tmp_metrics\iwshap-study-20260913\xgboost-formal-v1\fabrication\distributed-seed-20260914\final-result.json,16eb398eb5b22b86f7160bfec6da840755230c3c409de23a066c78f481d14425
fabrication,distributed-seed-20260915,distributed,18,97.38372093023256,0.8953243715903321,0.8166501486620417,0.7953667953667953,0.8391038696537678,0.8963568187962954,0.8182741116751269,0.8125,0.8241308793456033,C:\Users\Rider V\Downloads\G-FShield\tmp_metrics\iwshap-study-20260913\xgboost-formal-v1\fabrication\distributed-seed-20260915\final-result.json,6ff2caf710a5a90defdbfca0badfa93e0ceedb47b83480be441263cf7b7520a3
fabrication,distributed-seed-20260916,distributed,19,97.23837209302324,0.9009579829389242,0.8263473053892215,0.8101761252446184,0.8431771894093686,0.8988865995515558,0.8229376257545271,0.80990099009901,0.83640081799591,C:\Users\Rider V\Downloads\G-FShield\tmp_metrics\iwshap-study-20260913\xgboost-formal-v1\fabrication\distributed-seed-20260916\final-result.json,3d99f0ef91d9e529761e2e3ee47b05164a430f40f6596f1133813ba85b5655e8
fabrication,distributed-seed-20260917,distributed,19,97.23837209302324,0.8956237288268143,0.8170974155069582,0.7980582524271844,0.8370672097759674,0.9029797570850202,0.8299595141700404,0.8216432865731463,0.8384458077709611,C:\Users\Rider V\Downloads\G-FShield\tmp_metrics\iwshap-study-20260913\xgboost-formal-v1\fabrication\distributed-seed-20260917\final-result.json,309dee64c3a14669380a13884271fa1dea5718b468797b646059ef7103945bb7
fabrication,distributed-seed-20260918,distributed,16,97.67441860465115,0.8854130066468288,0.7992047713717694,0.7805825242718447,0.8187372708757638,0.8909470094745587,0.8088978766430738,0.8,0.8179959100204499,C:\Users\Rider V\Downloads\G-FShield\tmp_metrics\iwshap-study-20260913\xgboost-formal-v1\fabrication\distributed-seed-20260918\final-result.json,965c5567149c83cbc7217cdd560d5a9199d1a7bbb572064d7c21f65d2fc37c2a
fabrication,distributed-seed-20260919,distributed,17,97.52906976744185,0.8848976260175897,0.7979899497487437,0.7876984126984127,0.8085539714867617,0.8944090091737791,0.8149646107178968,0.806,0.8241308793456033,C:\Users\Rider V\Downloads\G-FShield\tmp_metrics\iwshap-study-20260913\xgboost-formal-v1\fabrication\distributed-seed-20260919\final-result.json,be3f1407f53d116b2a9b05d753465e877e5294260c4fbe9c428d82192c88b595
fabrication,distributed-seed-20260920,distributed,16,97.67441860465115,0.8880639764848006,0.803960396039604,0.7822736030828517,0.8268839103869654,0.9011846313799295,0.8269617706237424,0.8138613861386138,0.8404907975460123,C:\Users\Rider V\Downloads\G-FShield\tmp_metrics\iwshap-study-20260913\xgboost-formal-v1\fabrication\distributed-seed-20260920\final-result.json,d5515417bfaa3f65fc8021113256a271480df698efafc4cfd7b4019bb0034ab0
fabrication,distributed-seed-20260921,distributed,17,97.52906976744185,0.8853347050016249,0.7992087042532147,0.7769230769230769,0.8228105906313645,0.8927710947716664,0.8121212121212121,0.8023952095808383,0.8220858895705522,C:\Users\Rider V\Downloads\G-FShield\tmp_metrics\iwshap-study-20260913\xgboost-formal-v1\fabrication\distributed-seed-20260921\final-result.json,a9e2d00152511d18cbb082ce6ba0ca5a17a2f24c1b7719fcf2e3bac538eb4742
fabrication,distributed-seed-20260922,distributed,17,97.52906976744185,0.8848976260175897,0.7979899497487437,0.7876984126984127,0.8085539714867617,0.8944090091737791,0.8149646107178968,0.806,0.8241308793456033,C:\Users\Rider V\Downloads\G-FShield\tmp_metrics\iwshap-study-20260913\xgboost-formal-v1\fabrication\distributed-seed-20260922\final-result.json,547afdc558a964398378a7d52137ff868c318bb458529ffd05a147e53c96f93d
fabrication,distributed-seed-20260923,distributed,16,97.67441860465115,0.881279975059637,0.7920792079207921,0.7707129094412332,0.814663951120163,0.8921785540330659,0.8112449799196787,0.796844181459566,0.8261758691206544,C:\Users\Rider V\Downloads\G-FShield\tmp_metrics\iwshap-study-20260913\xgboost-formal-v1\fabrication\distributed-seed-20260923\final-result.json,49e24f7fd6845e9f04047be86297173abff1cc999ca73d45c55115cef6c1256f
fabrication,distributed-seed-20260924,distributed,18,97.38372093023256,0.875837531178168,0.782608695652174,0.7600767754318618,0.8065173116089613,0.8908229226759181,0.8091451292246521,0.7872340425531915,0.8323108384458078,C:\Users\Rider V\Downloads\G-FShield\tmp_metrics\iwshap-study-20260913\xgboost-formal-v1\fabrication\distributed-seed-20260924\final-result.json,3f1b2590c4d9b859d7b8b0601b4ad68ac246f88e34508bee447e4654e429ac42
fabrication,distributed-seed-20260925,distributed,15,97.81976744186046,0.8901464443633118,0.8072289156626506,0.7960396039603961,0.8187372708757638,0.8962053937545327,0.8186323092170465,0.7942307692307692,0.8445807770961146,C:\Users\Rider V\Downloads\G-FShield\tmp_metrics\iwshap-study-20260913\xgboost-formal-v1\fabrication\distributed-seed-20260925\final-result.json,7476cc64093ec1382d6047dc706c0b543d3e8b865314bb139eb20e8f5936bfee
fabrication,distributed-seed-20260926,distributed,13,98.11046511627907,0.8917173285340667,0.8105986261040236,0.7821969696969697,0.8411405295315683,0.8983016321645914,0.8222442899702085,0.7992277992277992,0.8466257668711656,C:\Users\Rider V\Downloads\G-FShield\tmp_metrics\iwshap-study-20260913\xgboost-formal-v1\fabrication\distributed-seed-20260926\final-result.json,d374dc9ba9f6f3e815c84511e55b143350195abee3527ebd45186d653755c384
fabrication,distributed-seed-20260927,distributed,17,97.52906976744185,0.8991993227870125,0.8234126984126984,0.8027079303675049,0.845213849287169,0.9038079892103102,0.8314833501513622,0.8207171314741036,0.8425357873210634,C:\Users\Rider V\Downloads\G-FShield\tmp_metrics\iwshap-study-20260913\xgboost-formal-v1\fabrication\distributed-seed-20260927\final-result.json,5765e742e5d3ba962eef17bee86ca542422ead5b7f0e9fde807ee0b4f79f3935
fabrication,distributed-seed-20260928,distributed,17,97.52906976744185,0.8892872742771127,0.8056394763343404,0.796812749003984,0.814663951120163,0.8963568187962954,0.8182741116751269,0.8125,0.8241308793456033,C:\Users\Rider V\Downloads\G-FShield\tmp_metrics\iwshap-study-20260913\xgboost-formal-v1\fabrication\distributed-seed-20260928\final-result.json,1d11569814830c29e78b9967b3cd205d46150d040fbaa24876664b803d21926b
fabrication,distributed-seed-20260929,distributed,16,97.67441860465115,0.8854130066468288,0.7992047713717694,0.7805825242718447,0.8187372708757638,0.8909470094745587,0.8088978766430738,0.8,0.8179959100204499,C:\Users\Rider V\Downloads\G-FShield\tmp_metrics\iwshap-study-20260913\xgboost-formal-v1\fabrication\distributed-seed-20260929\final-result.json,e1ef3cf0f7df2ca01f0c247339495872a2f91d0fcb2cf041a24ed50bef49dfa3
fabrication,distributed-seed-20260930,distributed,10,98.54651162790698,0.887297015068431,0.8023952095808383,0.786692759295499,0.8187372708757638,0.8895052884167365,0.8061224489795918,0.8044806517311609,0.8077709611451943,C:\Users\Rider V\Downloads\G-FShield\tmp_metrics\iwshap-study-20260913\xgboost-formal-v1\fabrication\distributed-seed-20260930\final-result.json,db502930e6f2ad1c7f274baa97e59cfd45e3c6133058a51d967678fd9330130c
fabrication,distributed-seed-20260931,distributed,19,97.23837209302324,0.895978644814158,0.8178217821782178,0.7957610789980732,0.8411405295315683,0.9049599893395281,0.8335015136226034,0.8227091633466136,0.8445807770961146,C:\Users\Rider V\Downloads\G-FShield\tmp_metrics\iwshap-study-20260913\xgboost-formal-v1\fabrication\distributed-seed-20260931\final-result.json,dd2601d15a6423ff6227150c267ce4906d932f879451e0b5e4a3a1e4d07568cb
fabrication,distributed-seed-20260932,distributed,16,97.67441860465115,0.8843517846746823,0.7972027972027972,0.7823529411764706,0.8126272912423625,0.8983016321645914,0.8222442899702085,0.7992277992277992,0.8466257668711656,C:\Users\Rider V\Downloads\G-FShield\tmp_metrics\iwshap-study-20260913\xgboost-formal-v1\fabrication\distributed-seed-20260932\final-result.json,7718518a331cd89b5e92215da7dad22a890bb1f6a408c68ce2b1667e21e409c9
fabrication,distributed-seed-20260933,distributed,19,97.23837209302324,0.8762970462825411,0.7833827893175074,0.7615384615384615,0.8065173116089613,0.897034326612757,0.8201581027667985,0.7934990439770554,0.8486707566462167,C:\Users\Rider V\Downloads\G-FShield\tmp_metrics\iwshap-study-20260913\xgboost-formal-v1\fabrication\distributed-seed-20260933\final-result.json,786b4dafd35a7f27612dfdc26c05bd4a4e0c3af1322534366d59146634a2118f
fabrication,distributed-seed-20260934,distributed,18,97.38372093023256,0.9005013124309338,0.8257425742574257,0.8034682080924855,0.8492871690427699,0.9038144959446791,0.8316633266533067,0.8153241650294696,0.8486707566462167,C:\Users\Rider V\Downloads\G-FShield\tmp_metrics\iwshap-study-20260913\xgboost-formal-v1\fabrication\distributed-seed-20260934\final-result.json,38c67b6f3dd7fa13fddfcd1e5cca79aae8966478b7e765142eb3317a9169adb9
fabrication,distributed-seed-20260935,distributed,16,97.67441860465115,0.8854130066468288,0.7992047713717694,0.7805825242718447,0.8187372708757638,0.8909470094745587,0.8088978766430738,0.8,0.8179959100204499,C:\Users\Rider V\Downloads\G-FShield\tmp_metrics\iwshap-study-20260913\xgboost-formal-v1\fabrication\distributed-seed-20260935\final-result.json,1d494da875ae11ad79691928b8cbcf012c94b6493646d7ae988c498911ba9282
fabrication,distributed-seed-20260936,distributed,16,97.67441860465115,0.8811376571031184,0.7916251246261217,0.775390625,0.8085539714867617,0.8936914710933028,0.814,0.7964774951076321,0.8323108384458078,C:\Users\Rider V\Downloads\G-FShield\tmp_metrics\iwshap-study-20260913\xgboost-formal-v1\fabrication\distributed-seed-20260936\final-result.json,77518528942efe5b9e62e4e1206afc88e46caaeaf95a69aeb3c709c2041335dc
fabrication,distributed-seed-20260937,distributed,18,97.38372093023256,0.8955568691224716,0.8172888015717092,0.7893738140417458,0.8472505091649695,0.8939240937526163,0.8141414141414142,0.8043912175648703,0.8241308793456033,C:\Users\Rider V\Downloads\G-FShield\tmp_metrics\iwshap-study-20260913\xgboost-formal-v1\fabrication\distributed-seed-20260937\final-result.json,2272bce2065c1eb26c74b2adce3f95cd770139f76b3349190c90c5c814bd31b2
fabrication,distributed-seed-20260938,distributed,12,98.25581395348837,0.8853699099007575,0.7996089931573802,0.768796992481203,0.8329938900203666,0.8896012394813478,0.806484295845998,0.7991967871485943,0.8139059304703476,C:\Users\Rider V\Downloads\G-FShield\tmp_metrics\iwshap-study-20260913\xgboost-formal-v1\fabrication\distributed-seed-20260938\final-result.json,e66c24cd9c9685fe0fd3072e9e3e9f76bdb23ce3bef5921eb7af1f4e06b8c0b4
fabrication,distributed-seed-20260939,distributed,16,97.67441860465115,0.8854130066468288,0.7992047713717694,0.7805825242718447,0.8187372708757638,0.8909470094745587,0.8088978766430738,0.8,0.8179959100204499,C:\Users\Rider V\Downloads\G-FShield\tmp_metrics\iwshap-study-20260913\xgboost-formal-v1\fabrication\distributed-seed-20260939\final-result.json,b946a013460a76a73babb07d4f36a9d6f7c19bacb70e49b8b1b62c18993c963f
fabrication,historical-iwshap-subset,historical-iwshap-subset,4,99.4186046511628,0.8824229701717387,0.799667497921862,0.675561797752809,0.9796334012219959,0.8745361179703202,0.7866108786610879,0.6657223796033994,0.9611451942740287,C:\Users\Rider V\Downloads\G-FShield\tmp_metrics\iwshap-study-20260913\xgboost-formal-v1\fabrication\historical-iwshap-subset\final-result.json,e2d47bc9ab4951e7511872fd714506e0ee07ece0e31110b7a930e569111b6cf3
fabrication,monolith-seed-20260910,monolith,17,97.52906976744185,0.8862396084000563,0.8004012036108324,0.7885375494071146,0.8126272912423625,0.8907701813847544,0.8082051282051282,0.8106995884773662,0.8057259713701431,C:\Users\Rider V\Downloads\G-FShield\tmp_metrics\iwshap-study-20260913\xgboost-formal-v1\fabrication\monolith-seed-20260910\final-result.json,18ca3f6bfba208837ef3d93a1d25a39a5c18e26e2260ebc45bf5c456c17c7e69
fabrication,monolith-seed-20260911,monolith,15,97.81976744186046,0.8890053656597774,0.8058823529411765,0.776937618147448,0.8370672097759674,0.8929566895368782,0.8125,0.8011928429423459,0.8241308793456033,C:\Users\Rider V\Downloads\G-FShield\tmp_metrics\iwshap-study-20260913\xgboost-formal-v1\fabrication\monolith-seed-20260911\final-result.json,0b0c4d321b8a6dd17c9083824daec8f83b39085ea61508a8d5425eecf087c004
fabrication,monolith-seed-20260912,monolith,21,96.94767441860466,0.8926958129705455,0.8119402985074626,0.7937743190661478,0.8309572301425662,0.9003792993712747,0.8256513026052105,0.8094302554027505,0.8425357873210634,C:\Users\Rider V\Downloads\G-FShield\tmp_metrics\iwshap-study-20260913\xgboost-formal-v1\fabrication\monolith-seed-20260912\final-result.json,47454ae8020a57be552c50af65640a463a25c7b0e67429e2b04d1a946be173df
fabrication,monolith-seed-20260913,monolith,20,97.09302325581395,0.8943166486402105,0.8152492668621701,0.7838345864661654,0.8492871690427699,0.8950770927335661,0.8161616161616162,0.8063872255489022,0.8261758691206544,C:\Users\Rider V\Downloads\G-FShield\tmp_metrics\iwshap-study-20260913\xgboost-formal-v1\fabrication\monolith-seed-20260913\final-result.json,853fb51fb127b1be76015bc9cd55aa1a683de471c2b7ceea6d6f32740d587066
fabrication,monolith-seed-20260914,monolith,19,97.23837209302324,0.8952659129928853,0.8163672654690619,0.8003913894324853,0.8329938900203666,0.9032926960900145,0.8302658486707567,0.8302658486707567,0.8302658486707567,C:\Users\Rider V\Downloads\G-FShield\tmp_metrics\iwshap-study-20260913\xgboost-formal-v1\fabrication\monolith-seed-20260914\final-result.json,c4411d271592bc88bb42e59f2a7a2e76ef978a5b7ec7cbb648bca54c3b657984
fabrication,monolith-seed-20260915,monolith,16,97.67441860465115,0.8849439339824265,0.7984111221449851,0.7790697674418605,0.8187372708757638,0.8914297281665703,0.8097165991902834,0.8016032064128257,0.8179959100204499,C:\Users\Rider V\Downloads\G-FShield\tmp_metrics\iwshap-study-20260913\xgboost-formal-v1\fabrication\monolith-seed-20260915\final-result.json,d69b88cf60367de3596639cc98bc36a93d88bf528c20277b21970a7ef603805f
fabrication,monolith-seed-20260916,monolith,16,97.67441860465115,0.8845964353795612,0.7980295566502463,0.7729007633587787,0.824847250509165,0.9020432686343869,0.8288822947576657,0.8026819923371648,0.8568507157464212,C:\Users\Rider V\Downloads\G-FShield\tmp_metrics\iwshap-study-20260913\xgboost-formal-v1\fabrication\monolith-seed-20260916\final-result.json,569751ab4328934519803e2dbd5a4d1556fda52797fedf6dcd018cbd44344ff3
fabrication,monolith-seed-20260917,monolith,15,97.81976744186046,0.8890053656597774,0.8058823529411765,0.776937618147448,0.8370672097759674,0.8929566895368782,0.8125,0.8011928429423459,0.8241308793456033,C:\Users\Rider V\Downloads\G-FShield\tmp_metrics\iwshap-study-20260913\xgboost-formal-v1\fabrication\monolith-seed-20260917\final-result.json,fe06efb5c232d8dc8cd6903b6020a81932fa6720435d135c7f70c07c699da8be
fabrication,monolith-seed-20260918,monolith,17,97.52906976744185,0.8835413088680248,0.7960396039603961,0.7745664739884393,0.8187372708757638,0.8965372872626244,0.8186423505572442,0.8112449799196787,0.8261758691206544,C:\Users\Rider V\Downloads\G-FShield\tmp_metrics\iwshap-study-20260913\xgboost-formal-v1\fabrication\monolith-seed-20260918\final-result.json,66e5de1f24d87cc4a7538f024fae8166f807450083128320391359d043f6af6b
fabrication,monolith-seed-20260919,monolith,18,97.38372093023256,0.8730396694142368,0.7782101167315175,0.74487895716946,0.814663951120163,0.8899733155579789,0.8075772681954138,0.7879377431906615,0.8282208588957055,C:\Users\Rider V\Downloads\G-FShield\tmp_metrics\iwshap-study-20260913\xgboost-formal-v1\fabrication\monolith-seed-20260919\final-result.json,e72b84d0d7f19cc144dc1f43926298c9e65aaafd8683ea5e05ecf0bf77eb437a
fabrication,monolith-seed-20260920,monolith,21,96.94767441860466,0.8959243600472281,0.8175473579262214,0.80078125,0.835030549898167,0.9031358940678181,0.8301119023397762,0.8259109311740891,0.8343558282208589,C:\Users\Rider V\Downloads\G-FShield\tmp_metrics\iwshap-study-20260913\xgboost-formal-v1\fabrication\monolith-seed-20260920\final-result.json,b325ed1b8f9ca714157720872da80bc67c3e2c011734ffb6cf342d76e3e56d36
fabrication,monolith-seed-20260921,monolith,17,97.52906976744185,0.8848675289106649,0.7984189723320159,0.7754318618042226,0.8228105906313645,0.8927710947716664,0.8121212121212121,0.8023952095808383,0.8220858895705522,C:\Users\Rider V\Downloads\G-FShield\tmp_metrics\iwshap-study-20260913\xgboost-formal-v1\fabrication\monolith-seed-20260921\final-result.json,ff238409379bcbecf136fcd94c81c3f74e12819ee63fb250c74d3d7fde1a56d5
fabrication,monolith-seed-20260922,monolith,23,96.65697674418605,0.9003319146658101,0.8253968253968254,0.804642166344294,0.8472505091649695,0.9018247541931752,0.8279352226720648,0.8196392785571143,0.83640081799591,C:\Users\Rider V\Downloads\G-FShield\tmp_metrics\iwshap-study-20260913\xgboost-formal-v1\fabrication\monolith-seed-20260922\final-result.json,33ad265f0415c346047b72a5c3b0b9fbe97cb0ff325e5e2c79d54d6ba8a7ca52
fabrication,monolith-seed-20260923,monolith,19,97.23837209302324,0.8814014598540146,0.792,0.7779960707269156,0.8065173116089613,0.8889265483695472,0.8052738336713996,0.7987927565392354,0.8118609406952966,C:\Users\Rider V\Downloads\G-FShield\tmp_metrics\iwshap-study-20260913\xgboost-formal-v1\fabrication\monolith-seed-20260923\final-result.json,cfcfbb28e54d9c46d2d4d9298a50fb59d5d24170aa0395f86858af9109e1f1ac
fabrication,monolith-seed-20260924,monolith,16,97.67441860465115,0.8849439339824265,0.7984111221449851,0.7790697674418605,0.8187372708757638,0.8914297281665703,0.8097165991902834,0.8016032064128257,0.8179959100204499,C:\Users\Rider V\Downloads\G-FShield\tmp_metrics\iwshap-study-20260913\xgboost-formal-v1\fabrication\monolith-seed-20260924\final-result.json,c21ba0b18015bfb5d53d3bf6edc7b02e93d4e11417ee13fcf14aef6d615a20d8
fabrication,monolith-seed-20260925,monolith,13,98.11046511627907,0.8960474977459831,0.8176352705410822,0.8047337278106509,0.8309572301425662,0.9004673839020049,0.8253319713993871,0.8244897959183674,0.8261758691206544,C:\Users\Rider V\Downloads\G-FShield\tmp_metrics\iwshap-study-20260913\xgboost-formal-v1\fabrication\monolith-seed-20260925\final-result.json,0197c04670e28546a4eae8650260111a0fb8adb1641096d26155bee8fc374545
fabrication,monolith-seed-20260926,monolith,18,97.38372093023256,0.9004741147992619,0.8255234297108675,0.80859375,0.8431771894093686,0.8988865995515558,0.8229376257545271,0.80990099009901,0.83640081799591,C:\Users\Rider V\Downloads\G-FShield\tmp_metrics\iwshap-study-20260913\xgboost-formal-v1\fabrication\monolith-seed-20260926\final-result.json,96b6251155a5b662ed65ac6814c371042577cf612e1f64a3739a01d7305c8c1c
fabrication,monolith-seed-20260927,monolith,17,97.52906976744185,0.8991993227870125,0.8234126984126984,0.8027079303675049,0.845213849287169,0.9043010845811645,0.8323232323232324,0.8223552894211577,0.8425357873210634,C:\Users\Rider V\Downloads\G-FShield\tmp_metrics\iwshap-study-20260913\xgboost-formal-v1\fabrication\monolith-seed-20260927\final-result.json,bf1157147e806fb4e85fea8b8850fab0517dad59255dc8a0a8a772fa228d8be0
fabrication,monolith-seed-20260928,monolith,17,97.52906976744185,0.8892872742771127,0.8056394763343404,0.796812749003984,0.814663951120163,0.8963568187962954,0.8182741116751269,0.8125,0.8241308793456033,C:\Users\Rider V\Downloads\G-FShield\tmp_metrics\iwshap-study-20260913\xgboost-formal-v1\fabrication\monolith-seed-20260928\final-result.json,fe162cfadce746a6db3416c681ad41c6f03bf4ac2151fd38ec680a6471596b95
fabrication,monolith-seed-20260929,monolith,16,97.67441860465115,0.8854130066468288,0.7992047713717694,0.7805825242718447,0.8187372708757638,0.8909470094745587,0.8088978766430738,0.8,0.8179959100204499,C:\Users\Rider V\Downloads\G-FShield\tmp_metrics\iwshap-study-20260913\xgboost-formal-v1\fabrication\monolith-seed-20260929\final-result.json,a200a5dc7aa42df0fcfbbfc52a565c248a0b7141aa92dd905e329c88c4df62f2
fabrication,monolith-seed-20260930,monolith,10,98.54651162790698,0.887297015068431,0.8023952095808383,0.786692759295499,0.8187372708757638,0.8895052884167365,0.8061224489795918,0.8044806517311609,0.8077709611451943,C:\Users\Rider V\Downloads\G-FShield\tmp_metrics\iwshap-study-20260913\xgboost-formal-v1\fabrication\monolith-seed-20260930\final-result.json,0ee1c028da925c9f50e57c80cd027755f3511ac4368918e808ea7d05c948ee80
fabrication,monolith-seed-20260931,monolith,19,97.23837209302324,0.8919294863446132,0.8107036669970268,0.7895752895752896,0.8329938900203666,0.9023336472941164,0.8289738430583501,0.8158415841584158,0.8425357873210634,C:\Users\Rider V\Downloads\G-FShield\tmp_metrics\iwshap-study-20260913\xgboost-formal-v1\fabrication\monolith-seed-20260931\final-result.json,f303215afadcf7a6ef83d3d83ce0a6a766fddaa66632c2ee2266bec833cc2d1e
fabrication,monolith-seed-20260932,monolith,17,97.52906976744185,0.8890997279191775,0.8055832502492523,0.7890625,0.8228105906313645,0.9036489206252929,0.8313253012048193,0.8165680473372781,0.8466257668711656,C:\Users\Rider V\Downloads\G-FShield\tmp_metrics\iwshap-study-20260913\xgboost-formal-v1\fabrication\monolith-seed-20260932\final-result.json,d429d173ebe967efe3066475427ee4b6c690955687a70701f0c864b03bb5566c
fabrication,monolith-seed-20260933,monolith,12,98.25581395348837,0.8755130746687099,0.7824390243902439,0.7509363295880149,0.8167006109979633,0.8879759587864912,0.804,0.786692759295499,0.8220858895705522,C:\Users\Rider V\Downloads\G-FShield\tmp_metrics\iwshap-study-20260913\xgboost-formal-v1\fabrication\monolith-seed-20260933\final-result.json,fdf0f798ba59ceb327a44af5489d5364a78eca3c2b7c0f16ecc55b6a18d74eea
fabrication,monolith-seed-20260934,monolith,18,97.38372093023256,0.9000209004201359,0.8249258160237388,0.801923076923077,0.8492871690427699,0.9038144959446791,0.8316633266533067,0.8153241650294696,0.8486707566462167,C:\Users\Rider V\Downloads\G-FShield\tmp_metrics\iwshap-study-20260913\xgboost-formal-v1\fabrication\monolith-seed-20260934\final-result.json,be914b75f22bdbd3be4be397f6bf80ddd13e02115c0fcbcc4290d3c640d58bd4
fabrication,monolith-seed-20260935,monolith,17,97.52906976744185,0.8848675289106649,0.7984189723320159,0.7754318618042226,0.8228105906313645,0.8927710947716664,0.8121212121212121,0.8023952095808383,0.8220858895705522,C:\Users\Rider V\Downloads\G-FShield\tmp_metrics\iwshap-study-20260913\xgboost-formal-v1\fabrication\monolith-seed-20260935\final-result.json,77e36d9eeb51c7e5d4c9a7163f7be549998e69d0d6b4af7b87c0e3feffad4812
fabrication,monolith-seed-20260936,monolith,18,97.38372093023256,0.9004741147992619,0.8255234297108675,0.80859375,0.8431771894093686,0.8988865995515558,0.8229376257545271,0.80990099009901,0.83640081799591,C:\Users\Rider V\Downloads\G-FShield\tmp_metrics\iwshap-study-20260913\xgboost-formal-v1\fabrication\monolith-seed-20260936\final-result.json,d2c73ba3019ba5cbf6868b29f01e81e99ef13e7a816103d690f8b55ee1c2f9e2
fabrication,monolith-seed-20260937,monolith,18,97.38372093023256,0.8889093498106555,0.8051948051948052,0.7901960784313725,0.8207739307535642,0.8966377832844128,0.8191808191808192,0.80078125,0.8384458077709611,C:\Users\Rider V\Downloads\G-FShield\tmp_metrics\iwshap-study-20260913\xgboost-formal-v1\fabrication\monolith-seed-20260937\final-result.json,37a519f31d670e2893e89adcd7cd7ebf7c463b95f4685598fa80fc5dffed0e45
fabrication,monolith-seed-20260938,monolith,21,96.94767441860466,0.8927687769265995,0.8122529644268774,0.7888675623800384,0.8370672097759674,0.899199988693439,0.8234106962663976,0.8127490039840638,0.8343558282208589,C:\Users\Rider V\Downloads\G-FShield\tmp_metrics\iwshap-study-20260913\xgboost-formal-v1\fabrication\monolith-seed-20260938\final-result.json,ceebd131eabc66a3f881ffb7a5f220a94847766d5673a22b8c7997524c4d101f
fabrication,monolith-seed-20260939,monolith,17,97.52906976744185,0.8892872742771127,0.8056394763343404,0.796812749003984,0.814663951120163,0.8963568187962954,0.8182741116751269,0.8125,0.8241308793456033,C:\Users\Rider V\Downloads\G-FShield\tmp_metrics\iwshap-study-20260913\xgboost-formal-v1\fabrication\monolith-seed-20260939\final-result.json,505552d62fcbb915d43f4f545d44df7c1bc52ac3f1d8c0959c904facd1b6b6ca
