arm_id,arm_code,architecture,n_runs,validation_f1_macro_median,validation_f1_macro_q1,validation_f1_macro_q3,test_f1_macro_mean,test_f1_macro_sd,test_f1_macro_median,test_f1_macro_q1,test_f1_macro_q3,test_f1_macro_median_ci_low,test_f1_macro_median_ci_high,test_precision_macro_median,test_recall_macro_median,test_accuracy_median,subset_size_median,subset_size_q1,subset_size_q3,dimensionality_reduction_percent_median,unique_final_subsets,accepted_improvements_median,internal_metric_rows_median,end_to_end_time_seconds_median,internal_target_reached_runs,internal_time_to_target_seconds_median,cpu_cores_median_median,cpu_cores_median_q1,cpu_cores_median_q3,cpu_cores_peak_median,cpu_cores_peak_q1,cpu_cores_peak_q3,cpu_budget_utilization_median_percent_median,cpu_budget_utilization_median_percent_q1,cpu_budget_utilization_median_percent_q3,memory_mib_median_median,memory_mib_median_q1,memory_mib_median_q3,memory_mib_peak_median,memory_mib_peak_q1,memory_mib_peak_q3,memory_budget_utilization_peak_percent_median,memory_budget_utilization_peak_percent_q1,memory_budget_utilization_peak_percent_q3,pids_median_median,pids_median_q1,pids_median_q3,network_rx_final_mib_median,network_rx_final_mib_q1,network_rx_final_mib_q3,network_tx_final_mib_median,network_tx_final_mib_q1,network_tx_final_mib_q3,disk_read_final_mib_median,disk_read_final_mib_q1,disk_read_final_mib_q3,disk_write_final_mib_median,disk_write_final_mib_q1,disk_write_final_mib_q3
distributed-relieff-vnd-iwssr,RF-VND-IWSSR,distributed,8,0.9441115292544999,0.9433168759127499,0.94525450545125,0.94370110933725,0.003058466082575496,0.9447504331965,0.94409984964525,0.944867061027,0.942345806301,0.944918227407,0.9463198394615,0.9431597222225,0.934275,11.0,10.75,12.25,78.43137254901961,8,6.5,208.5,2815.263,0,,2.10425,2.1010375,2.1279125,4.222099999999999,3.476625,5.16115,26.303124999999998,26.26296875,26.598906250000002,4725.976,4452.33,4807.522,5858.286,5634.922999999999,5980.81,35.75614013671875,34.39284057617187,36.50396728515625,373.5,373.0,374.0,13.297176361083984,12.623214721679688,14.493441581726074,13.270807266235352,12.595987319946289,14.465999603271484,0.003910064697265625,0.0029325485229492188,0.004885196685791016,23.994922637939453,23.9408016204834,24.074554443359375
distributed-relieff-rvnd-iwssr,RF-RVND-IWSSR,distributed,8,0.942974202202,0.9418304277985,0.94429364241925,0.94350477292575,0.0016671816139616244,0.9437953340885,0.9429401156555,0.9443293232632499,0.941173280102,0.945365305977,0.9460780839845,0.940875,0.9344375,13.0,9.0,14.0,74.50980392156863,8,7.0,158.5,2824.565,0,,4.073449999999999,4.06475,4.0797625,5.4295,5.21265,6.328950000000001,50.918124999999996,50.80937500000001,50.997031250000006,5618.735,5474.538,5729.6545,7107.044,6925.704,7415.3550000000005,43.377954101562494,42.271142578124994,45.259735107421875,378.0,376.75,378.25,12.873458862304688,11.561322212219238,13.401603698730469,12.842416763305664,11.53862476348877,13.381052017211914,0.0,0.0,0.0,38.927555084228516,38.6967658996582,39.623260498046875
distributed-relieff-rvnd-bitflip,RF-RVND-BF,distributed,8,0.942908235984,0.94123982844875,0.94327634479825,0.9431284691893751,0.0015117863583264824,0.9434549458335,0.942213656369,0.94426389755175,0.941212468604,0.944708537301,0.9459932956365,0.9413263888885,0.9341375000000001,11.0,10.5,12.25,78.43137254901961,8,9.5,173.5,2847.1345,0,,4.075175,4.0713875,4.09535,6.222149999999999,5.19245,6.5568,50.939687500000005,50.892343749999995,51.191875,5558.983,5481.103999999999,5689.531,7097.156000000001,6901.0960000000005,7284.349,43.317602539062506,42.120947265625,44.46013793945312,377.0,376.0,378.0,11.334419250488281,10.322785377502441,12.904715538024902,11.309146881103516,10.294294357299805,12.887859344482422,0.0019550323486328125,0.0,0.004885196685791016,38.80119323730469,38.71655464172363,38.88821601867676
distributed-ig-vnd-iwss,IG-VND-IWSS,distributed,8,0.9438992732205,0.943266480208,0.944201426031,0.943667061054625,0.0010724911613400692,0.9433819572325,0.94293946193425,0.9445365813834999,0.942911961814,0.944596317358,0.9455804568520001,0.9421041666665,0.9336,14.0,14.0,15.0,72.54901960784314,8,7.5,189.5,2811.036,0,,3.0547,3.0458749999999997,3.0642625,5.56155,4.7745750000000005,6.2593000000000005,38.18375,38.0734375,38.30328125,5172.139000000001,5003.5779999999995,5298.074500000001,6735.646000000001,6209.750999999999,6773.972,41.11112060546875,37.901312255859374,41.3450439453125,375.0,374.75,376.0,11.852121353149414,11.738801002502441,12.517499923706055,11.832237243652344,11.712288856506348,12.479948997497559,0.0019550323486328125,0.0,0.004885196685791016,31.531333923339844,31.5093994140625,31.55660629272461
distributed-ig-rvnd-bitflip,IG-RVND-BF,distributed,8,0.9435369732225001,0.9423551881995,0.9442569426675,0.9435827435751251,0.0013639476804111952,0.9433423598885,0.94262713056975,0.944107107767,0.942235668582,0.94460559593,0.945262571144,0.942333333333,0.9333374999999999,12.5,11.0,13.25,75.49019607843138,8,8.0,139.0,2800.1580000000004,0,,4.0962499999999995,4.0836250000000005,4.11045,5.88645,5.44795,6.301975,51.203125,51.04531250000001,51.38062500000001,5867.427000000001,5765.98,5909.9805,7522.332,7181.787,7766.603999999999,45.9126708984375,43.83414916992187,47.403588867187494,378.75,378.0,380.0,10.067558288574219,9.97021198272705,11.191344261169434,10.046100616455078,9.944605827331543,11.175012588500977,0.0,0.0,0.004885196685791016,38.904666900634766,38.873910903930664,39.47806358337402
distributed-relieff-rvnd-iwss,RF-RVND-IWSS,distributed,8,0.942325937973,0.9416458053635001,0.9447832942484999,0.94356300928775,0.0024079146102150614,0.9431842725845,0.942290194286,0.9451682101885001,0.941846545589,0.946619248474,0.9473145046225,0.9412916666665,0.934125,12.0,10.75,14.25,76.47058823529412,8,7.5,179.0,2838.1,0,,4.07815,4.0674125,4.089049999999999,5.4081,5.2447,5.749775,50.976875,50.84265625,51.113125,5563.146000000001,5412.8055,5670.8185,7115.882,6896.74,7475.209999999999,43.43189697265625,42.0943603515625,45.62506103515624,379.5,378.0,380.0,12.246179580688477,11.65616512298584,13.987565040588379,12.228870391845703,11.625003814697266,13.95409107208252,0.0,0.0,0.0009775161743164062,38.7420654296875,38.69771957397461,40.282487869262695
distributed-ig-rvnd-iwss,IG-RVND-IWSS,distributed,8,0.943405039931,0.94304982350025,0.94402201679475,0.943097509047125,0.0012234548556930864,0.9428650900745,0.9422150350165,0.9433523398015,0.942125342281,0.944516669392,0.9452174665665,0.9414236111109999,0.9327875,14.0,10.75,15.0,72.54901960784314,8,9.5,163.5,2802.114,0,,4.082425,4.0717875,4.098149999999999,5.38845,5.180725,6.411900000000001,51.030312499999994,50.89734375,51.226874999999986,5647.886,5529.353,5652.2865,7040.188,6878.629,7193.237999999999,42.9698974609375,41.983819580078126,43.90404052734375,377.5,377.0,379.0,9.826898574829102,9.716105461120605,9.994745254516602,9.799003601074219,9.685277938842773,9.972262382507324,0.0,0.0,0.003910064697265625,38.908958435058594,38.863420486450195,38.9249324798584
distributed-relieff-vnd-iwss,RF-VND-IWSS,distributed,8,0.9427525414115,0.9420512460905,0.94421215205225,0.9430510615315,0.0017248491102202581,0.942647285358,0.94199349368525,0.9439987026050001,0.941726756792,0.944489615768,0.945525788703,0.9415625000000001,0.9327624999999999,12.5,9.0,13.5,75.49019607843138,8,9.0,196.5,2825.549,0,,3.049875,3.0398250000000004,3.05455,4.80455,4.0756250000000005,6.438575,38.1234375,37.99781250000001,38.18187499999999,5072.536999999999,4941.612499999999,5156.7384999999995,6457.2880000000005,6287.832,6746.111,39.412158203125,38.37788085937501,41.174993896484374,374.5,373.0,375.25,14.864921569824219,13.720369338989258,15.697336196899414,14.841318130493164,13.688349723815918,15.668964385986328,0.003910064697265625,0.0,0.004885196685791016,31.3720703125,31.325817108154297,31.40997886657715
distributed-su-vnd-iwssr,SU-VND-IWSSR,distributed,8,0.9423454474865,0.94184023933425,0.94314389247475,0.941007309787625,0.0035308759023622567,0.942155234304,0.9419546602555,0.942223523199,0.94192567363,0.942237141906,0.9433776304920001,0.941125,0.9314374999999999,12.5,11.75,13.0,75.49019607843138,8,6.0,187.5,2822.7555,0,,2.124075,2.1177499999999996,2.13395,4.90095,3.601325,6.450200000000001,26.5509375,26.471874999999997,26.674374999999998,4372.6359999999995,4311.3625,4572.375,5804.799999999999,5522.7919999999995,5868.379,35.4296875,33.708447265625,35.817742919921876,374.0,373.0,374.0,16.041946411132812,14.861416816711426,17.95492172241211,16.025972366333008,14.792871475219727,17.930269241333008,0.0,0.0,0.006842613220214844,23.9105224609375,23.85854721069336,23.99897575378418
distributed-gr-vnd-iwss,GR-VND-IWSS,distributed,8,0.941384978216,0.9410235427260001,0.94277563826,0.9427239628651249,0.0018402798873515195,0.9420099450305,0.9417596035410001,0.9431291655255,0.941529906729,0.945138327021,0.945598245446,0.9397500000000001,0.9324625,16.0,13.25,16.75,68.62745098039215,8,8.5,196.0,2799.535,0,,3.060025,3.0503375,3.07115,6.47115,5.793875,6.652899999999999,38.2503125,38.12921875,38.389374999999994,5072.875,4991.02175,5154.879000000001,6607.986000000001,6275.673000000001,6847.556,40.331945800781256,38.30366821289063,41.7941650390625,375.0,374.0,375.0,11.475515365600586,11.434340476989746,11.543488502502441,11.452436447143555,11.40284538269043,11.520910263061523,0.0019550323486328125,0.0,0.003910064697265625,31.60715103149414,31.562328338623047,31.681299209594727
distributed-su-vnd-iwss,SU-VND-IWSS,distributed,8,0.9414535348695,0.94082414825125,0.94248748500025,0.942077581643125,0.0015114718441069377,0.941862140031,0.9411034964655001,0.94258994665975,0.94052532975,0.943799684527,0.945078805455,0.9406805555555,0.9314375,17.0,14.0,21.0,66.66666666666667,8,9.0,205.0,2825.9004999999997,0,,3.051775,3.04445,3.0564,4.7513000000000005,4.29045,5.987125000000001,38.1471875,38.055625,38.205,4939.895,4913.384,5036.718,6124.853999999999,6031.129999999999,6169.6900000000005,37.383142089843744,36.81109619140625,37.65679931640626,375.0,375.0,376.0,12.536096572875977,11.603689193725586,13.715457916259766,12.498712539672852,11.576700210571289,13.697004318237305,0.0,0.0,0.0,31.441688537597656,31.406641006469727,31.628131866455078
distributed-gr-rvnd-bitflip,GR-RVND-BF,distributed,8,0.9410445466315001,0.940317477607,0.9420086102152501,0.942311068713625,0.0021168431845023793,0.9418571527049999,0.941488537675,0.94223419805,0.94132336834,0.942257228735,0.9451850478425,0.9387222222225,0.9321125,15.5,12.0,18.25,69.6078431372549,8,9.0,146.0,2801.8175,0,,4.081125,4.0699749999999995,4.093062499999999,5.615,5.2859,5.8950000000000005,51.0140625,50.8746875,51.16328125,5645.439,5569.417,5934.973000000001,7126.513999999999,7013.42,7604.511,43.496789550781244,42.8065185546875,46.414251708984374,378.0,378.0,379.0,9.858989715576172,9.790730476379395,9.982800483703613,9.833288192749023,9.758877754211426,9.955000877380371,0.0019550323486328125,0.0,0.003910064697265625,38.91754150390625,38.90514373779297,39.44253921508789
distributed-gr-rvnd-iwssr,GR-RVND-IWSSR,distributed,8,0.941605956822,0.940880039898,0.942970455427,0.9422725592098751,0.0022131816140277556,0.9418267573485,0.9408382864060001,0.94343666538825,0.940107552631,0.944644265346,0.9458827598855,0.9382291666664999,0.9324250000000001,12.5,10.75,13.5,75.49019607843138,8,8.5,119.0,2833.5434999999998,0,,4.0807,4.063199999999999,4.093275,5.5758,5.2307,5.9392499999999995,51.00874999999999,50.78999999999999,51.1659375,5707.871999999999,5542.732,5767.91,7561.866,7303.101000000001,7767.019,46.153967285156256,44.57459106445313,47.406121826171876,379.0,378.75,379.0,13.10420036315918,10.427021980285645,13.964295387268066,13.074445724487305,10.397028923034668,13.9451265335083,0.0,0.0,0.0,38.65480422973633,38.64574432373047,38.69986534118652
distributed-ig-rvnd-iwssr,IG-RVND-IWSSR,distributed,8,0.9424807260495001,0.94126372601925,0.9442876088065,0.9420411369592501,0.0016532439321347155,0.9417366276535,0.94088631123575,0.94296580650075,0.940379398205,0.94301734008,0.94418762878,0.9402569444444999,0.9317375,14.0,13.75,14.75,72.54901960784314,8,9.0,177.0,2801.5265,0,,4.09175,4.079437499999999,4.1095875,5.461950000000001,5.1541,6.5232,51.146875,50.99296874999999,51.36984375,5740.273,5552.236,5951.00075,7419.906000000001,7114.352000000001,7555.105,45.287512207031256,43.42255859375,46.11270141601562,377.5,377.0,378.0,9.845352172851562,9.684205055236816,9.921002388000488,9.804916381835938,9.650540351867676,9.891128540039062,0.0,0.0,0.0009775161743164062,38.949012756347656,38.94162178039551,38.97595405578613
distributed-gr-rvnd-iwss,GR-RVND-IWSS,distributed,8,0.9410724046635,0.9401071541867501,0.942646113066,0.941643569799,0.001173587196110158,0.9416859545525,0.9409753251092501,0.94221240899975,0.940390768531,0.942658076297,0.9441162217855,0.9400416666664999,0.9310499999999999,12.0,11.0,13.25,76.47058823529412,8,9.5,163.5,2802.791,0,,4.097025,4.083725,4.1070375,5.485099999999999,5.38645,5.671099999999999,51.2128125,51.0465625,51.33796875,5631.610000000001,5506.893,5804.4715000000015,7277.533,7081.634,7586.945,44.41853637695313,43.22286376953125,46.307037353515625,377.25,377.0,378.25,11.812067031860352,10.38510799407959,13.317394256591797,11.779212951660156,10.354065895080566,13.296127319335938,0.0,0.0,0.0009775161743164062,38.907527923583984,38.730621337890625,39.05749320983887
distributed-gr-vnd-iwssr,GR-VND-IWSSR,distributed,8,0.9429445764925,0.9395752599889999,0.94343664506725,0.9399222928425001,0.005270156550139118,0.941646352497,0.93944657930825,0.942839363042,0.934078767218,0.944103764921,0.943249208189,0.940347222222,0.930825,12.0,11.0,13.0,76.47058823529412,8,6.0,198.5,2799.3100000000004,0,,2.127525,2.1141875,2.1406125,6.49315,4.016225,6.561074999999999,26.5940625,26.42734375,26.75765625,4476.317,4335.394,4636.601000000001,5546.192,5267.262999999999,5737.03,33.85126953125,32.14882202148437,35.01605224609375,373.5,373.0,374.0,12.404537200927734,12.331628799438477,12.531614303588867,12.377452850341797,12.310147285461426,12.497210502624512,0.0019550323486328125,0.0,0.004885196685791016,24.139881134033203,24.09195899963379,24.587631225585938
distributed-su-rvnd-iwss,SU-RVND-IWSS,distributed,8,0.9414954438365,0.94058048283575,0.9420500829755,0.941148531179375,0.0013296491675152135,0.941358748385,0.94020177183725,0.9420371501655,0.939725343623,0.942237141906,0.9441562344459999,0.9394652777775,0.9313499999999999,14.5,12.5,16.25,71.56862745098039,8,9.0,201.0,2832.274,0,,4.08615,4.0638625,4.097199999999999,5.5337,5.378125,5.70055,51.076875,50.79828125,51.21499999999999,5670.673000000001,5617.741999999999,5805.467,7287.727999999999,6738.063999999999,7725.507,44.480761718749996,41.125878906249994,47.15275268554687,377.5,377.0,378.25,12.948131561279297,12.204885482788086,13.218426704406738,12.924385070800781,12.178802490234375,13.201189041137695,0.0,0.0,0.004885196685791016,38.71345520019531,38.69223594665527,38.758039474487305
distributed-su-rvnd-iwssr,SU-RVND-IWSSR,distributed,8,0.9409027675185,0.94042593538675,0.94163153358875,0.9410537862372501,0.0007393552720822536,0.941283561379,0.9404727221635,0.94157881095375,0.940184275657,0.941614710291,0.944944825539,0.938076388889,0.9314625000000001,14.5,12.75,15.5,71.56862745098039,8,8.5,188.0,2829.1435,0,,4.07475,4.06215,4.088275,5.67715,5.5328,6.465674999999999,50.934375,50.776875000000004,51.1034375,5491.856,5368.534,5622.237,7333.726000000001,6947.131,7435.715,44.761511230468756,42.401922607421874,45.384002685546875,378.5,377.0,380.0,11.00163459777832,9.852170944213867,13.715147972106934,10.976505279541016,9.824562072753906,13.681483268737793,0.0019550323486328125,0.0,0.007810592651367187,39.11161422729492,38.7575626373291,39.762258529663086
distributed-ig-vnd-iwssr,IG-VND-IWSSR,distributed,8,0.9417177927865,0.9383461978562501,0.9448897108055001,0.94094799452625,0.0038661216173339497,0.940965447741,0.93767834634475,0.94460600061475,0.937305570934,0.944618689309,0.9440167385115,0.9393194444445,0.9308624999999999,11.5,10.75,12.0,77.45098039215686,8,6.0,196.5,2799.0985,0,,2.14765,2.1379375,2.1563125,3.9475499999999997,3.616575,4.940099999999999,26.845625000000002,26.724218750000002,26.95390625,4708.918,4424.5065,4917.435,5863.922,5651.936,6039.775999999999,35.79053955078125,34.4966796875,36.8638671875,373.0,372.0,373.0,12.592220306396484,12.494349479675293,14.425182342529297,12.570905685424805,12.466120719909668,14.408397674560547,0.0,0.0,0.0009775161743164062,24.122238159179688,24.09195899963379,24.16086196899414
distributed-su-rvnd-bitflip,SU-RVND-BF,distributed,8,0.9405295243680001,0.94033968919975,0.9419215736745,0.9412439718215,0.0015361470059723074,0.940570826422,0.94026953663,0.941476145179,0.940187729753,0.942517260562,0.94511237944,0.9372291666670001,0.9312750000000001,16.0,10.5,19.0,68.62745098039215,8,8.5,173.0,2831.986,0,,4.0955,4.070500000000001,4.1065375,6.2334,5.462899999999999,6.639975,51.19375000000001,50.88125000000001,51.33171875,5588.835000000001,5511.304499999999,5730.231,7278.6,6965.89,7500.945,44.425048828125,42.51641845703125,45.782135009765625,377.0,377.0,377.0,10.257244110107422,10.082626342773438,13.42020034790039,10.228490829467773,10.057663917541504,13.397884368896484,0.0,0.0,0.007810592651367187,38.77544403076172,38.747310638427734,38.81382942199707
monolith1-gr-bitflip,M1-GR-BF,monolith1,8,0.939409943591,0.933187540854,0.939409943591,0.937429760470625,0.003199893878656947,0.939682188787,0.934495211928,0.939682188787,0.934495211928,0.939682188787,0.939936361691,0.939597222222,0.929275,5.0,5.0,5.0,90.19607843137256,3,6.5,354.0,2712.5445,0,,1.0688,1.0133999999999999,1.1243375000000002,1.82945,1.786225,1.872525,13.36,12.6675,14.054218750000002,1531.3919999999998,1517.824,1548.416,1959.424,1891.328,2028.8000000000002,11.959375,11.54375,12.3828125,42.0,42.0,42.0,0.00270843505859375,0.00270843505859375,0.00270843505859375,0.0,0.0,0.0,0.0,0.0,0.0,7.457733154296875,7.457733154296875,7.4672698974609375
baseline-all-features,ALL-51,baseline,8,0.936843420339,0.936843420339,0.936843420339,0.937808795526,0.0,0.937808795526,0.937808795526,0.937808795526,0.937808795526,0.937808795526,0.940242907019,0.93575,0.927225,51.0,51.0,51.0,0.0,1,1.0,0.0,72.5475,0,,1.0439500000000002,0.8929374999999999,1.06155,1.0581,1.03695,1.066925,13.049375000000001,11.161718749999999,13.269375,748.35,539.6375,851.825,820.0,771.35,867.625,5.0048828125,4.70794677734375,5.295562744140625,29.0,25.375,29.0,0.002307891845703125,0.002307891845703125,0.002307891845703125,0.0,0.0,0.0,0.0,0.0,0.0,10.967254638671875,10.967254638671875,10.967254638671875
distributed-relieff-vnd-bitflip,RF-VND-BF,distributed,8,0.8998209859445,0.8816792662615001,0.91297347747625,0.898468163593,0.022047996374316713,0.8999142637085,0.88256575792775,0.91292106227075,0.882451181819,0.920646304814,0.9089540198485,0.895326388889,0.891175,5.0,5.0,5.0,90.19607843137256,8,5.0,131.5,2844.1535000000003,0,,2.124825,2.1235749999999998,2.1303375,3.5444500000000003,3.18365,3.9691499999999995,26.5603125,26.5446875,26.62921875,4627.1759999999995,4350.046,4837.091,5856.361999999999,5523.371999999999,5880.2855,35.74439697265625,33.7119873046875,35.89041442871094,373.0,372.0,373.0,13.511037826538086,12.87698745727539,15.178966522216797,13.483142852783203,12.851858139038086,15.14887809753418,0.0,0.0,0.0009775161743164062,23.981094360351562,23.924827575683594,24.041175842285156
distributed-gr-vnd-bitflip,GR-VND-BF,distributed,8,0.8800783453605,0.84732024930425,0.8966998570235,0.87632352683025,0.02762669660706669,0.8824262866495001,0.84765794543525,0.89506242075,0.847247772176,0.90172449969,0.8930816645849999,0.877625,0.8782625,5.0,5.0,5.0,90.19607843137256,8,6.0,127.0,2786.1099999999997,0,,2.111325,2.10425,2.1286125,5.749749999999999,4.2329,6.111725000000001,26.3915625,26.303125,26.607656249999998,4501.69,4262.08,4682.99575,5856.0,5671.791499999999,5946.031999999999,35.7421875,34.61786804199218,36.29169921875,373.5,373.0,374.0,12.462663650512695,12.3551607131958,12.589120864868164,12.420225143432617,12.333321571350098,12.558650970458984,0.0019550323486328125,0.0,0.003910064697265625,24.085044860839844,24.033069610595703,24.148941040039062
distributed-su-vnd-bitflip,SU-VND-BF,distributed,8,0.8798642107885,0.86055094118175,0.90901487792775,0.88069651507425,0.033880971590929496,0.8794171116934999,0.86201631981075,0.90849261252325,0.842605005189,0.919598694553,0.893404092508,0.8726319444445,0.8681749999999999,5.0,5.0,5.0,90.19607843137256,8,4.0,117.0,2841.1369999999997,0,,2.136925,2.115975,2.1872249999999998,3.7504,3.38675,4.89035,26.711562500000003,26.449687500000003,27.3403125,4287.835,4265.751,4412.5465,5355.904,5303.678,5379.9,32.68984375,32.371081542968746,32.83630371093749,375.0,374.25,375.0,16.19133949279785,13.366174697875977,16.898536682128906,16.16525650024414,13.33780288696289,16.8764591217041,0.0,0.0,0.0,23.849964141845703,23.723363876342773,23.890018463134766
distributed-ig-vnd-bitflip,IG-VND-BF,distributed,8,0.866336440069,0.8507644820342499,0.8945141391235,0.8747447138184999,0.03144128262455756,0.8671329251485,0.8492023718975,0.8935339595114999,0.84663966467,0.915515721099,0.8764571283095,0.8664652777774999,0.87085,5.0,5.0,5.0,90.19607843137256,8,5.0,130.5,2788.4035000000003,0,,2.1344250000000002,2.1178500000000002,2.1494625,6.501099999999999,5.8975,6.607275,26.6803125,26.473125000000003,26.868281249999995,4783.804,4496.1155,4826.975,5978.174000000001,5900.446,6043.603999999999,36.48787841796875,36.01346435546875,36.887231445312494,374.0,374.0,374.25,12.550210952758789,12.422561645507812,12.598299980163574,12.53056526184082,12.384366989135742,12.572050094604492,0.003910064697265625,0.0,0.004885196685791016,24.086952209472656,24.07550811767578,24.126529693603516
monolith2-gr-iwss,M2-GR-IWSS,monolith2,8,0.840320347429,0.60170069699925,0.86858097285575,0.734309017663125,0.20132128724818243,0.8411285960225,0.60344325739575,0.8696107070297501,0.602230776744,0.880563500674,0.8570733485225,0.8453819444445,0.8411500000000001,5.0,5.0,5.0,90.19607843137256,8,1.0,7.0,2725.934,0,,1.003225,1.0030875000000001,1.003325,1.8237999999999999,1.730175,1.9579,12.540312499999999,12.538593750000002,12.541562500000001,1394.688,1369.9840000000002,1411.584,1788.9279999999999,1705.728,1927.424,10.91875,10.4109375,11.7640625,41.0,41.0,41.0,0.00270843505859375,0.00270843505859375,0.00270843505859375,0.0,0.0,0.0,0.0,0.0,0.0,10.967254638671875,10.967254638671875,10.967254638671875
