arm_id,arm_code,architecture,class,f1_median,f1_q1,f1_q3,precision_median,recall_median
baseline-all-features,ALL-51,baseline,grayhole,0.69511088056,0.69511088056,0.69511088056,0.722177310698,0.67
baseline-all-features,ALL-51,baseline,high_StNum,0.999499874969,0.999499874969,0.999499874969,0.999749874937,0.99925
baseline-all-features,ALL-51,baseline,injection,0.998247371057,0.998247371057,0.998247371057,0.999749247743,0.99675
baseline-all-features,ALL-51,baseline,inverse_replay,0.997624703088,0.997624703088,0.997624703088,0.997749437359,0.9975
baseline-all-features,ALL-51,baseline,masquerade_fake_fault,0.997751686235,0.997751686235,0.997751686235,0.99700449326,0.9985
baseline-all-features,ALL-51,baseline,masquerade_fake_normal,0.996118692876,0.996118692876,0.996118692876,0.997742663657,0.9945
baseline-all-features,ALL-51,baseline,normal,0.82889687519,0.82889687519,0.82889687519,0.808364025187,0.8505
baseline-all-features,ALL-51,baseline,poisoned_high_rate,0.999625046869,0.999625046869,0.999625046869,0.999500124969,0.99975
baseline-all-features,ALL-51,baseline,random_replay,0.927404028886,0.927404028886,0.927404028886,0.940148985358,0.915
distributed-gr-rvnd-bitflip,GR-RVND-BF,distributed,grayhole,0.7011881519475001,0.69968248203325,0.70615325416575,0.7441458083025001,0.6595
distributed-gr-rvnd-bitflip,GR-RVND-BF,distributed,high_StNum,0.999499874969,0.999499874969,0.999499874969,0.999749874937,0.99925
distributed-gr-rvnd-bitflip,GR-RVND-BF,distributed,injection,0.9985606147124999,0.9983106697015,0.998623451383,0.999749404833,0.997375
distributed-gr-rvnd-bitflip,GR-RVND-BF,distributed,inverse_replay,0.9972487803355,0.9967149367347501,0.998,0.9978750000000001,0.996875
distributed-gr-rvnd-bitflip,GR-RVND-BF,distributed,masquerade_fake_fault,0.998376420531,0.99821990935225,0.9988127343165,0.997752247612,0.999
distributed-gr-rvnd-bitflip,GR-RVND-BF,distributed,masquerade_fake_normal,0.9959367420305,0.9958368747585,0.99618845288675,0.9963749365935,0.99575
distributed-gr-rvnd-bitflip,GR-RVND-BF,distributed,normal,0.841265343359,0.840247587217,0.8479083163050001,0.8114943584155,0.8708750000000001
distributed-gr-rvnd-bitflip,GR-RVND-BF,distributed,poisoned_high_rate,0.999625046869,0.999625046869,0.999625046869,0.999500124969,0.99975
distributed-gr-rvnd-bitflip,GR-RVND-BF,distributed,random_replay,0.9402960968975,0.93870661505625,0.9435870414237499,0.9560552297715,0.924625
distributed-gr-rvnd-iwss,GR-RVND-IWSS,distributed,grayhole,0.7169767865525,0.7083211439275,0.72052102754475,0.723634153163,0.70975
distributed-gr-rvnd-iwss,GR-RVND-IWSS,distributed,high_StNum,0.999499874969,0.999499874969,0.99953112105725,0.999749874937,0.99925
distributed-gr-rvnd-iwss,GR-RVND-IWSS,distributed,injection,0.9984979346364999,0.99843504299775,0.9986857633164999,1.0,0.997125
distributed-gr-rvnd-iwss,GR-RVND-IWSS,distributed,inverse_replay,0.99687382749,0.9968416974225001,0.9971844490324999,0.9974981229665,0.9964999999999999
distributed-gr-rvnd-iwss,GR-RVND-IWSS,distributed,masquerade_fake_fault,0.9981257023935,0.9976903870164999,0.9984071986495,0.997503806541,0.999
distributed-gr-rvnd-iwss,GR-RVND-IWSS,distributed,masquerade_fake_normal,0.995495774771,0.9949248581607499,0.9960889032682501,0.9967434818655,0.994
distributed-gr-rvnd-iwss,GR-RVND-IWSS,distributed,normal,0.837081184009,0.83279131852175,0.8412547552377501,0.8230625300995,0.8505
distributed-gr-rvnd-iwss,GR-RVND-IWSS,distributed,poisoned_high_rate,0.999625046869,0.999625046869,0.99965630077275,0.999500124969,0.99975
distributed-gr-rvnd-iwss,GR-RVND-IWSS,distributed,random_replay,0.9372007547055,0.9331210324525,0.9383801574985,0.9585148308985,0.91725
distributed-gr-rvnd-iwssr,GR-RVND-IWSSR,distributed,grayhole,0.7004363612635001,0.6970438014564999,0.71818952142475,0.7539255898320001,0.6541250000000001
distributed-gr-rvnd-iwssr,GR-RVND-IWSSR,distributed,high_StNum,0.999499874969,0.999499874969,0.99953112105725,0.999749874937,0.99925
distributed-gr-rvnd-iwssr,GR-RVND-IWSSR,distributed,injection,0.998372355077,0.99824802895025,0.99852936868275,0.9998748122184999,0.997
distributed-gr-rvnd-iwssr,GR-RVND-IWSSR,distributed,inverse_replay,0.9968722475289999,0.9964331801485,0.99709221402475,0.9976230579130001,0.996
distributed-gr-rvnd-iwssr,GR-RVND-IWSSR,distributed,masquerade_fake_fault,0.9982510930395,0.9980942690769999,0.998750312422,0.998001123876,0.998875
distributed-gr-rvnd-iwssr,GR-RVND-IWSSR,distributed,masquerade_fake_normal,0.99612655891,0.9958087849605001,0.99636977640575,0.9966211831355001,0.9955
distributed-gr-rvnd-iwssr,GR-RVND-IWSSR,distributed,normal,0.84247213868,0.83982585178775,0.8455886922945,0.807220280918,0.8769375
distributed-gr-rvnd-iwssr,GR-RVND-IWSSR,distributed,poisoned_high_rate,0.999625046869,0.999625046869,0.99962507029475,0.999500124969,0.99975
distributed-gr-rvnd-iwssr,GR-RVND-IWSSR,distributed,random_replay,0.940449848486,0.937337151956,0.9477677184615,0.9587390782365,0.924875
distributed-gr-vnd-bitflip,GR-VND-BF,distributed,grayhole,0.5375699571320001,0.38272946312225,0.5679924511359999,0.5991601902635,0.47275
distributed-gr-vnd-bitflip,GR-VND-BF,distributed,high_StNum,0.9971806935215,0.9930097460295,0.9988735449095,0.999245852187,0.995125
distributed-gr-vnd-bitflip,GR-VND-BF,distributed,injection,0.9898382851475,0.97510669923025,0.9951705898132499,0.9882723326089999,0.990875
distributed-gr-vnd-bitflip,GR-VND-BF,distributed,inverse_replay,0.9820331143425,0.97068675636775,0.98749604912,0.9835712241704999,0.98
distributed-gr-vnd-bitflip,GR-VND-BF,distributed,masquerade_fake_fault,0.9664831578215001,0.9573591603937499,0.97790107600025,0.9505606934905,0.981875
distributed-gr-vnd-bitflip,GR-VND-BF,distributed,masquerade_fake_normal,0.992226755581,0.9618254182652499,0.9927084708805001,0.9921449725239999,0.98925
distributed-gr-vnd-bitflip,GR-VND-BF,distributed,normal,0.7724189428065,0.7601638963405001,0.7769611943745001,0.693737677377,0.8318749999999999
distributed-gr-vnd-bitflip,GR-VND-BF,distributed,poisoned_high_rate,0.995619868742,0.98374548306475,0.99796726844675,0.9968679837105,0.994375
distributed-gr-vnd-bitflip,GR-VND-BF,distributed,random_replay,0.8313658912845,0.8005454929982501,0.86178898546375,0.905490334335,0.7649999999999999
distributed-gr-vnd-iwss,GR-VND-IWSS,distributed,grayhole,0.705553401655,0.7038482870714999,0.71401979132525,0.7442385681879999,0.665875
distributed-gr-vnd-iwss,GR-VND-IWSS,distributed,high_StNum,0.999499874969,0.9962814098635,0.999624859322,0.999749874937,0.99925
distributed-gr-vnd-iwss,GR-VND-IWSS,distributed,injection,0.99849790323,0.99821568613975,0.998748592107,0.9998747808665001,0.997125
distributed-gr-vnd-iwss,GR-VND-IWSS,distributed,inverse_replay,0.9969354281795,0.99656055981025,0.997906449194,0.9977480266705,0.996375
distributed-gr-vnd-iwss,GR-VND-IWSS,distributed,masquerade_fake_fault,0.998625515432,0.9980952525769999,0.9991562616615,0.998251311516,0.999
distributed-gr-vnd-iwss,GR-VND-IWSS,distributed,masquerade_fake_normal,0.99612655891,0.9954617979305,0.9964036502055,0.996870515253,0.995625
distributed-gr-vnd-iwss,GR-VND-IWSS,distributed,normal,0.8416176371335,0.83896197318775,0.84577190311875,0.8149154183095,0.8711249999999999
distributed-gr-vnd-iwss,GR-VND-IWSS,distributed,poisoned_high_rate,0.9996250937205,0.9995625546805,0.999750062484,0.999500124969,0.9998750000000001
distributed-gr-vnd-iwss,GR-VND-IWSS,distributed,random_replay,0.9425821174994999,0.93944632153425,0.94668462989025,0.963371604445,0.923875
distributed-gr-vnd-iwssr,GR-VND-IWSSR,distributed,grayhole,0.717959774718,0.715657030266,0.7220824685207501,0.720698105973,0.71925
distributed-gr-vnd-iwssr,GR-VND-IWSSR,distributed,high_StNum,0.999186944866,0.9967202844287499,0.999624859322,0.9997497183349999,0.998625
distributed-gr-vnd-iwssr,GR-VND-IWSSR,distributed,injection,0.998372355077,0.99824791921875,0.9986857633164999,1.0,0.997
distributed-gr-vnd-iwssr,GR-VND-IWSSR,distributed,inverse_replay,0.996750527919,0.9965292167425,0.9969670410007501,0.997249651175,0.996375
distributed-gr-vnd-iwssr,GR-VND-IWSSR,distributed,masquerade_fake_fault,0.997565565694,0.9952955277844999,0.9982815037477499,0.9963845641375,0.99875
distributed-gr-vnd-iwssr,GR-VND-IWSSR,distributed,masquerade_fake_normal,0.9951763861759999,0.99474100644475,0.9957111309855,0.9968617849679999,0.9935
distributed-gr-vnd-iwssr,GR-VND-IWSSR,distributed,normal,0.8350849708615,0.8296834005155,0.8390272825882501,0.824973365104,0.8454375000000001
distributed-gr-vnd-iwssr,GR-VND-IWSSR,distributed,poisoned_high_rate,0.9995000624920001,0.999375078115,0.999625140572,0.9992503747654999,0.999625
distributed-gr-vnd-iwssr,GR-VND-IWSSR,distributed,random_replay,0.9367984723225,0.93058702635075,0.9413117948662499,0.953829371324,0.919375
distributed-ig-rvnd-bitflip,IG-RVND-BF,distributed,grayhole,0.7195594506280001,0.71100128530975,0.72210363156475,0.7260625760370001,0.7166250000000001
distributed-ig-rvnd-bitflip,IG-RVND-BF,distributed,high_StNum,0.999624859322,0.999624859322,0.999624859322,1.0,0.99925
distributed-ig-rvnd-bitflip,IG-RVND-BF,distributed,injection,0.996744302529,0.9965876805185001,0.9969020842335,0.998493975809,0.995
distributed-ig-rvnd-bitflip,IG-RVND-BF,distributed,inverse_replay,0.997188023329,0.99687441391575,0.997469558001,0.9971247176010001,0.997375
distributed-ig-rvnd-bitflip,IG-RVND-BF,distributed,masquerade_fake_fault,0.998499749586,0.998094753326,0.9987507807617501,0.9981269041975,0.998875
distributed-ig-rvnd-bitflip,IG-RVND-BF,distributed,masquerade_fake_normal,0.9971228421314999,0.99674412216025,0.997372701113,0.9979952371495,0.996375
distributed-ig-rvnd-bitflip,IG-RVND-BF,distributed,normal,0.8414830168325,0.839471058285,0.84485180268725,0.8313006193605,0.851625
distributed-ig-rvnd-bitflip,IG-RVND-BF,distributed,poisoned_high_rate,0.999125764956,0.999125764956,0.999125764956,0.99825305715,1.0
distributed-ig-rvnd-bitflip,IG-RVND-BF,distributed,random_replay,0.9447339202914999,0.94185170751375,0.9522476480385,0.9620931284515,0.92925
distributed-ig-rvnd-iwss,IG-RVND-IWSS,distributed,grayhole,0.7160842547940001,0.7112319790985,0.71903645051625,0.724110557855,0.708375
distributed-ig-rvnd-iwss,IG-RVND-IWSS,distributed,high_StNum,0.999624859322,0.999624859322,0.999624859322,1.0,0.99925
distributed-ig-rvnd-iwss,IG-RVND-IWSS,distributed,injection,0.9963068108435,0.99586590964525,0.9967135033335001,0.99811951231,0.99475
distributed-ig-rvnd-iwss,IG-RVND-IWSS,distributed,inverse_replay,0.996750812297,0.996749187297,0.997062328082,0.9968762783389999,0.997
distributed-ig-rvnd-iwss,IG-RVND-IWSS,distributed,masquerade_fake_fault,0.9984383823080001,0.99822014343475,0.99875000771125,0.9978774034955,0.999
distributed-ig-rvnd-iwss,IG-RVND-IWSS,distributed,masquerade_fake_normal,0.9964973710565,0.9962474197047501,0.996872482315,0.9974949893514999,0.9958750000000001
distributed-ig-rvnd-iwss,IG-RVND-IWSS,distributed,normal,0.841843832985,0.8380555655874999,0.8447842159385,0.828728818641,0.8534999999999999
distributed-ig-rvnd-iwss,IG-RVND-IWSS,distributed,poisoned_high_rate,0.999125764956,0.9989697451292501,0.999125764956,0.99825305715,1.0
distributed-ig-rvnd-iwss,IG-RVND-IWSS,distributed,random_replay,0.944830382913,0.94283244417025,0.9498423906710001,0.9622885199075,0.929
distributed-ig-rvnd-iwssr,IG-RVND-IWSSR,distributed,grayhole,0.716564225223,0.69839435073875,0.71786831797775,0.720002598461,0.7153750000000001
distributed-ig-rvnd-iwssr,IG-RVND-IWSSR,distributed,high_StNum,0.999624859322,0.99959361323375,0.999624859322,1.0,0.99925
distributed-ig-rvnd-iwssr,IG-RVND-IWSSR,distributed,injection,0.9969962295954999,0.99637023555075,0.99868583376975,0.998245613925,0.99575
distributed-ig-rvnd-iwssr,IG-RVND-IWSSR,distributed,inverse_replay,0.9972504358875001,0.99709364431,0.9974984354665,0.997372372372,0.997
distributed-ig-rvnd-iwssr,IG-RVND-IWSSR,distributed,masquerade_fake_fault,0.998749999922,0.9984695659665,0.999437453116,0.9987501246875,0.999
distributed-ig-rvnd-iwssr,IG-RVND-IWSSR,distributed,masquerade_fake_normal,0.9968118670499999,0.9958104284615,0.99759261273775,0.9972451738815,0.9964999999999999
distributed-ig-rvnd-iwssr,IG-RVND-IWSSR,distributed,normal,0.838912327166,0.83606551712525,0.84140752931825,0.8263553341305,0.8460624999999999
distributed-ig-rvnd-iwssr,IG-RVND-IWSSR,distributed,poisoned_high_rate,0.999125764956,0.9990945110765,0.999625046869,0.99825305715,0.9998750000000001
distributed-ig-rvnd-iwssr,IG-RVND-IWSSR,distributed,random_replay,0.939430310954,0.9357062855914999,0.9443368057599999,0.9547357882425,0.927
distributed-ig-vnd-bitflip,IG-VND-BF,distributed,grayhole,0.550927260226,0.39451962103050003,0.6013583505725,0.5805559247984999,0.542875
distributed-ig-vnd-bitflip,IG-VND-BF,distributed,high_StNum,0.992558783719,0.9569631597,0.998623106772,0.994811989455,0.992
distributed-ig-vnd-bitflip,IG-VND-BF,distributed,injection,0.992598004813,0.976678847852,0.9961468163345,0.9951159978024999,0.9922500000000001
distributed-ig-vnd-bitflip,IG-VND-BF,distributed,inverse_replay,0.9653393289459999,0.953248248333,0.989392509295,0.9628188098285,0.970375
distributed-ig-vnd-bitflip,IG-VND-BF,distributed,masquerade_fake_fault,0.945714690504,0.93130164563775,0.9774598009722499,0.929510010744,0.9625
distributed-ig-vnd-bitflip,IG-VND-BF,distributed,masquerade_fake_normal,0.9902760241974999,0.9760887707685,0.99173815744475,0.992344644294,0.9864999999999999
distributed-ig-vnd-bitflip,IG-VND-BF,distributed,normal,0.764784791836,0.7487797292889999,0.78366247922475,0.7093170358835,0.8261875000000001
distributed-ig-vnd-bitflip,IG-VND-BF,distributed,poisoned_high_rate,0.9809879764755001,0.9724863204085,0.9972163925272499,0.991517670465,0.973875
distributed-ig-vnd-bitflip,IG-VND-BF,distributed,random_replay,0.8316695452955001,0.78382285955125,0.85708505403325,0.902947790829,0.770875
distributed-ig-vnd-iwss,IG-VND-IWSS,distributed,grayhole,0.71626576292,0.7150342387085,0.7188578372757499,0.7252111660275,0.709
distributed-ig-vnd-iwss,IG-VND-IWSS,distributed,high_StNum,0.999624859322,0.999624859322,0.999624859322,1.0,0.99925
distributed-ig-vnd-iwss,IG-VND-IWSS,distributed,injection,0.9965571244055,0.9963989265015,0.99693364344975,0.9982434123555,0.995
distributed-ig-vnd-iwss,IG-VND-IWSS,distributed,inverse_replay,0.996999249625,0.99675060922275,0.99715526918525,0.996999249625,0.996875
distributed-ig-vnd-iwss,IG-VND-IWSS,distributed,masquerade_fake_fault,0.998625999188,0.998344729884,0.9991879684715,0.99787824451,0.999375
distributed-ig-vnd-iwss,IG-VND-IWSS,distributed,masquerade_fake_normal,0.9964973710565,0.996248827715,0.9969971844025001,0.9974949893514999,0.996
distributed-ig-vnd-iwss,IG-VND-IWSS,distributed,normal,0.843057357645,0.83907402119825,0.84454609037175,0.8300761053215,0.8531875
distributed-ig-vnd-iwss,IG-VND-IWSS,distributed,poisoned_high_rate,0.999125764956,0.99900093661025,0.999125764956,0.99825305715,1.0
distributed-ig-vnd-iwss,IG-VND-IWSS,distributed,random_replay,0.946988105405,0.944942349686,0.9495603342295,0.9622885199075,0.93275
distributed-ig-vnd-iwssr,IG-VND-IWSSR,distributed,grayhole,0.7202756310159999,0.71723924566175,0.7209710438954999,0.7237297347789999,0.716
distributed-ig-vnd-iwssr,IG-VND-IWSSR,distributed,high_StNum,0.999624859322,0.999624859322,0.999624859322,1.0,0.99925
distributed-ig-vnd-iwssr,IG-VND-IWSSR,distributed,injection,0.99617961653,0.9954589433284999,0.9965246161535,0.998242751322,0.9941249999999999
distributed-ig-vnd-iwssr,IG-VND-IWSSR,distributed,inverse_replay,0.9972483724925001,0.99675053860575,0.9974060038754999,0.9971264053835001,0.99725
distributed-ig-vnd-iwssr,IG-VND-IWSSR,distributed,masquerade_fake_fault,0.997751108793,0.996784959627,0.9979391860975,0.9971286508915,0.9982500000000001
distributed-ig-vnd-iwssr,IG-VND-IWSSR,distributed,masquerade_fake_normal,0.9945482876564999,0.993489711657,0.9964348261195,0.996608101873,0.993125
distributed-ig-vnd-iwssr,IG-VND-IWSSR,distributed,normal,0.8378365111595001,0.83258529285075,0.84185140498775,0.8253270312645,0.8506875
distributed-ig-vnd-iwssr,IG-VND-IWSSR,distributed,poisoned_high_rate,0.999125764956,0.998907385535,0.999125764956,0.99825305715,1.0
distributed-ig-vnd-iwssr,IG-VND-IWSSR,distributed,random_replay,0.9460123329035,0.9274093735215,0.954185855822,0.9613212536244999,0.930875
distributed-relieff-rvnd-bitflip,RF-RVND-BF,distributed,grayhole,0.7062024084609999,0.70325727999075,0.71352259415075,0.7480619175459999,0.663375
distributed-relieff-rvnd-bitflip,RF-RVND-BF,distributed,high_StNum,0.999624859322,0.99959361323375,0.999749937484,1.0,0.99925
distributed-relieff-rvnd-bitflip,RF-RVND-BF,distributed,injection,0.9984358498154999,0.99671305645,0.998623451383,0.999749436232,0.997375
distributed-relieff-rvnd-bitflip,RF-RVND-BF,distributed,inverse_replay,0.99699774662,0.99642970167325,0.997531644405,0.997749437359,0.9962500000000001
distributed-relieff-rvnd-bitflip,RF-RVND-BF,distributed,masquerade_fake_fault,0.9987510926185,0.9982512646180001,0.999032135884,0.997755113215,0.99925
distributed-relieff-rvnd-bitflip,RF-RVND-BF,distributed,masquerade_fake_normal,0.9953057152715,0.99484225870125,0.9959605182797501,0.996741190909,0.9942500000000001
distributed-relieff-rvnd-bitflip,RF-RVND-BF,distributed,normal,0.8445191921990001,0.84361125586325,0.8477290870955,0.8181103916035,0.8769375
distributed-relieff-rvnd-bitflip,RF-RVND-BF,distributed,poisoned_high_rate,0.9996875546765001,0.99912549190025,0.999875015623,0.999500187422,1.0
distributed-relieff-rvnd-bitflip,RF-RVND-BF,distributed,random_replay,0.9527039967585,0.94344643256825,0.95601745724725,0.970720431723,0.9365
distributed-relieff-rvnd-iwss,RF-RVND-IWSS,distributed,grayhole,0.7087785148785,0.6957348351585,0.71735296677075,0.7427774001995,0.671875
distributed-relieff-rvnd-iwss,RF-RVND-IWSS,distributed,high_StNum,0.999624859322,0.99959361323375,0.9996561288625,1.0,0.99925
distributed-relieff-rvnd-iwss,RF-RVND-IWSS,distributed,injection,0.9982475273255,0.9970278746207499,0.998748435544,0.9994990920985001,0.996875
distributed-relieff-rvnd-iwss,RF-RVND-IWSS,distributed,inverse_replay,0.997060865992,0.99659238567475,0.9973099663335,0.997997746682,0.9964999999999999
distributed-relieff-rvnd-iwss,RF-RVND-IWSS,distributed,masquerade_fake_fault,0.9987509367975,0.9983451433530001,0.999125218654,0.9980029955065,0.99925
distributed-relieff-rvnd-iwss,RF-RVND-IWSS,distributed,masquerade_fake_normal,0.9963714339395,0.9956225372155,0.9973123898702501,0.9971202275365001,0.9955
distributed-relieff-rvnd-iwss,RF-RVND-IWSS,distributed,normal,0.8465656964620001,0.84274488074375,0.84836182740325,0.820304530071,0.8690625000000001
distributed-relieff-rvnd-iwss,RF-RVND-IWSS,distributed,poisoned_high_rate,0.9996876015280001,0.99950022639075,0.9997813007687499,0.999500187422,1.0
distributed-relieff-rvnd-iwss,RF-RVND-IWSS,distributed,random_replay,0.948623291521,0.945213073785,0.956507443924,0.9641164338795,0.933625
distributed-relieff-rvnd-iwssr,RF-RVND-IWSSR,distributed,grayhole,0.7061848165885001,0.7023772205025001,0.71560311824525,0.7445893455435,0.6677500000000001
distributed-relieff-rvnd-iwssr,RF-RVND-IWSSR,distributed,high_StNum,0.999624859322,0.999624859322,0.99978119920625,1.0,0.99925
distributed-relieff-rvnd-iwssr,RF-RVND-IWSSR,distributed,injection,0.9984358497665,0.995769788919,0.9985294548354999,0.999749373434,0.99725
distributed-relieff-rvnd-iwssr,RF-RVND-IWSSR,distributed,inverse_replay,0.997058876965,0.99674715360725,0.99740369545225,0.9977485925535,0.996
distributed-relieff-rvnd-iwssr,RF-RVND-IWSSR,distributed,masquerade_fake_fault,0.9987504685744999,0.99843771864075,0.99900049975,0.998375655758,0.999125
distributed-relieff-rvnd-iwssr,RF-RVND-IWSSR,distributed,masquerade_fake_normal,0.9962483971339999,0.9949321500552499,0.99727809392675,0.996870300752,0.995125
distributed-relieff-rvnd-iwssr,RF-RVND-IWSSR,distributed,normal,0.8451886406169999,0.8428260573335,0.84795299540175,0.8171675596005,0.8731875
distributed-relieff-rvnd-iwssr,RF-RVND-IWSSR,distributed,poisoned_high_rate,0.999750062484,0.999375390381,0.999750062484,0.999500249875,1.0
distributed-relieff-rvnd-iwssr,RF-RVND-IWSSR,distributed,random_replay,0.9515066801975,0.94527502489725,0.95518041609475,0.9712080148705,0.9319999999999999
distributed-relieff-vnd-bitflip,RF-VND-BF,distributed,grayhole,0.6961063535209999,0.51035500427475,0.705579979873,0.687355933592,0.653625
distributed-relieff-vnd-bitflip,RF-VND-BF,distributed,high_StNum,0.990143170853,0.9656176640699999,0.99824688502125,0.995456890281,0.990375
distributed-relieff-vnd-bitflip,RF-VND-BF,distributed,injection,0.9883862969835,0.97509443932225,0.9902294724965,0.986930904057,0.989375
distributed-relieff-vnd-bitflip,RF-VND-BF,distributed,inverse_replay,0.9776884722225,0.96830226156825,0.9866849629045,0.976358682513,0.9775
distributed-relieff-vnd-bitflip,RF-VND-BF,distributed,masquerade_fake_fault,0.9633830231330001,0.9343235926447501,0.9759840454915,0.9428113952465,0.98075
distributed-relieff-vnd-bitflip,RF-VND-BF,distributed,masquerade_fake_normal,0.9903995921694999,0.9849443483,0.9911505193104999,0.9929764036365,0.9862500000000001
distributed-relieff-vnd-bitflip,RF-VND-BF,distributed,normal,0.7839317314700001,0.765645547365,0.81084263985275,0.7245947114344999,0.8370625
distributed-relieff-vnd-bitflip,RF-VND-BF,distributed,poisoned_high_rate,0.989886127944,0.9816403587287501,0.99593899789325,0.9958145554960001,0.98575
distributed-relieff-vnd-bitflip,RF-VND-BF,distributed,random_replay,0.8209714201205001,0.7641924588272501,0.86959628656,0.8881140025445,0.76925
distributed-relieff-vnd-iwss,RF-VND-IWSS,distributed,grayhole,0.7123205793734999,0.70179219175925,0.7157348143835,0.716925946057,0.7133750000000001
distributed-relieff-vnd-iwss,RF-VND-IWSS,distributed,high_StNum,0.999624859322,0.9985007493445,0.99968739058475,1.0,0.99925
distributed-relieff-vnd-iwss,RF-VND-IWSS,distributed,injection,0.9969330794585001,0.9968391218942501,0.99824732397025,0.998495109105,0.99575
distributed-relieff-vnd-iwss,RF-VND-IWSS,distributed,inverse_replay,0.997123905789,0.9969648813435,0.997500624844,0.997374122701,0.99675
distributed-relieff-vnd-iwss,RF-VND-IWSS,distributed,masquerade_fake_fault,0.999125327947,0.99865694100675,0.9992811679115,0.9987510612985,0.99925
distributed-relieff-vnd-iwss,RF-VND-IWSS,distributed,masquerade_fake_normal,0.996998279099,0.99624375518925,0.99752976863675,0.9981233107165,0.996375
distributed-relieff-vnd-iwss,RF-VND-IWSS,distributed,normal,0.8412963062809999,0.8394903849124999,0.84316781092225,0.8281770446575,0.8498125
distributed-relieff-vnd-iwss,RF-VND-IWSS,distributed,poisoned_high_rate,0.999375078115,0.999125764956,0.999375390381,0.998751560549,0.9998750000000001
distributed-relieff-vnd-iwss,RF-VND-IWSS,distributed,random_replay,0.9460424717615,0.94522087755975,0.95194102733375,0.964820424764,0.928625
distributed-relieff-vnd-iwssr,RF-VND-IWSSR,distributed,grayhole,0.717902044998,0.7126604089727501,0.72023545016375,0.7269726399634999,0.714
distributed-relieff-vnd-iwssr,RF-VND-IWSSR,distributed,high_StNum,0.999624859322,0.999624859322,0.999749937484,1.0,0.99925
distributed-relieff-vnd-iwssr,RF-VND-IWSSR,distributed,injection,0.996745524638,0.99633817378325,0.9970274443382501,0.9983701727975001,0.99575
distributed-relieff-vnd-iwssr,RF-VND-IWSSR,distributed,inverse_replay,0.9971242810700001,0.99662605336925,0.9972809802475,0.9972475912550001,0.997
distributed-relieff-vnd-iwssr,RF-VND-IWSSR,distributed,masquerade_fake_fault,0.9988133353449999,0.99846918346625,0.9991879684715,0.9983763736110001,0.9995
distributed-relieff-vnd-iwssr,RF-VND-IWSSR,distributed,masquerade_fake_normal,0.996495805518,0.9956224507342499,0.9973092930227501,0.9974983733735,0.995375
distributed-relieff-vnd-iwssr,RF-VND-IWSSR,distributed,normal,0.8450906320475,0.841477084626,0.84610752982425,0.830510789107,0.8525625
distributed-relieff-vnd-iwssr,RF-VND-IWSSR,distributed,poisoned_high_rate,0.999125764956,0.999125764956,0.99928176915375,0.99837765189,1.0
distributed-relieff-vnd-iwssr,RF-VND-IWSSR,distributed,random_replay,0.956480308228,0.953379363966,0.9601075091825,0.972086049878,0.942375
distributed-su-rvnd-bitflip,SU-RVND-BF,distributed,grayhole,0.6951591938915,0.6940187036212501,0.7063747464885,0.751637454445,0.6448750000000001
distributed-su-rvnd-bitflip,SU-RVND-BF,distributed,high_StNum,0.999499874969,0.999499874969,0.99953112105725,0.999749874937,0.99925
distributed-su-rvnd-bitflip,SU-RVND-BF,distributed,injection,0.9982471516214999,0.99762202753425,0.99852962711175,0.999624028657,0.99675
distributed-su-rvnd-bitflip,SU-RVND-BF,distributed,inverse_replay,0.996998874531,0.9968753899905001,0.9972170888445,0.997497184293,0.9966250000000001
distributed-su-rvnd-bitflip,SU-RVND-BF,distributed,masquerade_fake_fault,0.998250655758,0.99809522926825,0.99843791388625,0.9977526216295001,0.99875
distributed-su-rvnd-bitflip,SU-RVND-BF,distributed,masquerade_fake_normal,0.995747342089,0.9954663140065,0.9963742966995,0.9964969343245,0.99525
distributed-su-rvnd-bitflip,SU-RVND-BF,distributed,normal,0.8414736969645,0.83929234833375,0.842379107806,0.8063113785189999,0.8803125
distributed-su-rvnd-bitflip,SU-RVND-BF,distributed,poisoned_high_rate,0.999625046869,0.9994065349657499,0.999625046869,0.999500124969,0.99975
distributed-su-rvnd-bitflip,SU-RVND-BF,distributed,random_replay,0.9379555309725,0.93693254271225,0.9395249467955,0.956812715562,0.921875
distributed-su-rvnd-iwss,SU-RVND-IWSS,distributed,grayhole,0.7086721875895,0.69324077481075,0.7155493083522501,0.736628533456,0.680125
distributed-su-rvnd-iwss,SU-RVND-IWSS,distributed,high_StNum,0.999499874969,0.9985004684457499,0.999499874969,0.999749874937,0.99925
distributed-su-rvnd-iwss,SU-RVND-IWSS,distributed,injection,0.9983723393755,0.99812265322825,0.998529086658,0.9998747181159999,0.997
distributed-su-rvnd-iwss,SU-RVND-IWSS,distributed,inverse_replay,0.9968741870935001,0.99671742515825,0.9971561755755001,0.997246213155,0.9966250000000001
distributed-su-rvnd-iwss,SU-RVND-IWSS,distributed,masquerade_fake_fault,0.998687913927,0.9983449092035,0.998875140607,0.9983760305705001,0.999
distributed-su-rvnd-iwss,SU-RVND-IWSS,distributed,masquerade_fake_normal,0.995810647602,0.9949591880665001,0.996310725555,0.99649737303,0.995375
distributed-su-rvnd-iwss,SU-RVND-IWSS,distributed,normal,0.839086592654,0.8366780654925,0.84031652444575,0.8159834179450001,0.8655625
distributed-su-rvnd-iwss,SU-RVND-IWSS,distributed,poisoned_high_rate,0.999625046869,0.9995625546805,0.999625046869,0.999500124969,0.99975
distributed-su-rvnd-iwss,SU-RVND-IWSS,distributed,random_replay,0.9384918250855,0.9363371509435,0.941570417368,0.957670890343,0.9195
distributed-su-rvnd-iwssr,SU-RVND-IWSSR,distributed,grayhole,0.7023068591435,0.696259113272,0.711480447375,0.7564731484785,0.651125
distributed-su-rvnd-iwssr,SU-RVND-IWSSR,distributed,high_StNum,0.999499874969,0.999499874969,0.999499874969,0.999749874937,0.99925
distributed-su-rvnd-iwssr,SU-RVND-IWSSR,distributed,injection,0.998623106772,0.9985290631117499,0.9986547757245,0.9998747808665001,0.99725
distributed-su-rvnd-iwssr,SU-RVND-IWSSR,distributed,inverse_replay,0.996871479632,0.99671620457825,0.99693581125925,0.997497497341,0.9961249999999999
distributed-su-rvnd-iwssr,SU-RVND-IWSSR,distributed,masquerade_fake_fault,0.9981889753535,0.9980018732204999,0.998500749625,0.9973792742380001,0.999
distributed-su-rvnd-iwssr,SU-RVND-IWSSR,distributed,masquerade_fake_normal,0.9957473105335,0.9954295016282501,0.99621212334875,0.996993230059,0.994375
distributed-su-rvnd-iwssr,SU-RVND-IWSSR,distributed,normal,0.840639635869,0.8356452001955,0.844320058071,0.8084043675854999,0.8791249999999999
distributed-su-rvnd-iwssr,SU-RVND-IWSSR,distributed,poisoned_high_rate,0.999625046869,0.999625046869,0.999625046869,0.999500124969,0.99975
distributed-su-rvnd-iwssr,SU-RVND-IWSSR,distributed,random_replay,0.9381240790235,0.93448589338075,0.93997511827475,0.954822555881,0.9225
distributed-su-vnd-bitflip,SU-VND-BF,distributed,grayhole,0.56581102602,0.5306450473365,0.7243140063405,0.6445183600035,0.5525
distributed-su-vnd-bitflip,SU-VND-BF,distributed,high_StNum,0.958368177841,0.949045850271,0.981939669024,0.9843544296485,0.952875
distributed-su-vnd-bitflip,SU-VND-BF,distributed,injection,0.9655391466215,0.9429861558749999,0.992950654582,0.951759508697,0.97875
distributed-su-vnd-bitflip,SU-VND-BF,distributed,inverse_replay,0.9639594369060001,0.9600066949792501,0.9765356252599999,0.9537991605795,0.97675
distributed-su-vnd-bitflip,SU-VND-BF,distributed,masquerade_fake_fault,0.9772625434565,0.9610775109480001,0.98478047323325,0.966277970827,0.9884999999999999
distributed-su-vnd-bitflip,SU-VND-BF,distributed,masquerade_fake_normal,0.987744963473,0.9625491296865,0.9905843233064999,0.9925655177055,0.9815
distributed-su-vnd-bitflip,SU-VND-BF,distributed,normal,0.7752244571795,0.7606401091445,0.815893612952,0.73488835223,0.8250625
distributed-su-vnd-bitflip,SU-VND-BF,distributed,poisoned_high_rate,0.977713975309,0.9744545474172499,0.9879455499945,0.9948907272130001,0.964125
distributed-su-vnd-bitflip,SU-VND-BF,distributed,random_replay,0.8808703922865,0.82086325447875,0.88693148004875,0.923651016007,0.833375
distributed-su-vnd-iwss,SU-VND-IWSS,distributed,grayhole,0.7127706421405,0.69606147338375,0.71501765768375,0.7307244585054999,0.697875
distributed-su-vnd-iwss,SU-VND-IWSS,distributed,high_StNum,0.999499874969,0.99637484333575,0.999624859322,0.999749874937,0.99925
distributed-su-vnd-iwss,SU-VND-IWSS,distributed,injection,0.998435458218,0.99821568613975,0.9988735449095,1.0,0.997125
distributed-su-vnd-iwss,SU-VND-IWSS,distributed,inverse_replay,0.9969981237804999,0.9966848412555,0.997248671117,0.9976218072875,0.996375
distributed-su-vnd-iwss,SU-VND-IWSS,distributed,masquerade_fake_fault,0.9986879294190001,0.99821981572,0.9988130310005,0.9981271225655,0.999125
distributed-su-vnd-iwss,SU-VND-IWSS,distributed,masquerade_fake_normal,0.996056372043,0.9959618122880001,0.9964649603425,0.997492791422,0.994625
distributed-su-vnd-iwss,SU-VND-IWSS,distributed,normal,0.840358677763,0.83690998053075,0.84343583819725,0.8241241130785,0.8605625
distributed-su-vnd-iwss,SU-VND-IWSS,distributed,poisoned_high_rate,0.999562585919,0.999375078115,0.999625140572,0.9992504684455,0.99975
distributed-su-vnd-iwss,SU-VND-IWSS,distributed,random_replay,0.941239631175,0.93921855031,0.945263786992,0.957333661624,0.926375
distributed-su-vnd-iwssr,SU-VND-IWSSR,distributed,grayhole,0.7164647984004999,0.71596109176925,0.7217142410005,0.718851046481,0.71375
distributed-su-vnd-iwssr,SU-VND-IWSSR,distributed,high_StNum,0.9977514363605,0.99578297194025,0.999499874969,0.9976266237039999,0.998
distributed-su-vnd-iwssr,SU-VND-IWSSR,distributed,injection,0.998309643604,0.998121948166,0.998404314017,0.999749404644,0.9966250000000001
distributed-su-vnd-iwssr,SU-VND-IWSSR,distributed,inverse_replay,0.996624578072,0.996591336418,0.99693495014375,0.996874968555,0.9966250000000001
distributed-su-vnd-iwssr,SU-VND-IWSSR,distributed,masquerade_fake_fault,0.9978774501659999,0.996599167142,0.99881290610275,0.9967575441555,0.999
distributed-su-vnd-iwssr,SU-VND-IWSSR,distributed,masquerade_fake_normal,0.9953075333475,0.9947723711957499,0.99628129272,0.9962514042599999,0.9942500000000001
distributed-su-vnd-iwssr,SU-VND-IWSSR,distributed,normal,0.8361717305915,0.8344904844795,0.83762194000125,0.8300298656495,0.8465
distributed-su-vnd-iwssr,SU-VND-IWSSR,distributed,poisoned_high_rate,0.999437601542,0.999375078115,0.999500124969,0.999250281133,0.999625
distributed-su-vnd-iwssr,SU-VND-IWSSR,distributed,random_replay,0.939350489311,0.93523807624,0.9417936162225,0.957455117056,0.91925
monolith1-gr-bitflip,M1-GR-BF,monolith1,grayhole,0.724238733252,0.719304873442,0.724238733252,0.706175771971,0.74325
monolith1-gr-bitflip,M1-GR-BF,monolith1,high_StNum,0.993495121341,0.993495121341,0.999499749875,0.994241362043,0.99275
monolith1-gr-bitflip,M1-GR-BF,monolith1,injection,0.998498498498,0.992012791597,0.998498498498,0.999498997996,0.9975
monolith1-gr-bitflip,M1-GR-BF,monolith1,inverse_replay,0.986383510306,0.986383510306,0.990208385639,0.985767790262,0.987
monolith1-gr-bitflip,M1-GR-BF,monolith1,masquerade_fake_fault,0.977015778358,0.977015778358,0.995748937234,0.97110397629,0.983
monolith1-gr-bitflip,M1-GR-BF,monolith1,masquerade_fake_normal,0.992462311558,0.992462311558,0.995377888819,0.997474747475,0.9875
monolith1-gr-bitflip,M1-GR-BF,monolith1,normal,0.840630692883,0.8237529805485,0.840630692883,0.844929915393,0.836375
monolith1-gr-bitflip,M1-GR-BF,monolith1,poisoned_high_rate,0.99336255479,0.99336255479,0.998248686515,0.995232120452,0.9915
monolith1-gr-bitflip,M1-GR-BF,monolith1,random_replay,0.951052498098,0.899702342436,0.951052498098,0.96500257334,0.9375
monolith2-gr-iwss,M2-GR-IWSS,monolith2,grayhole,0.5807169999799999,0.40291855095925005,0.70743741700875,0.5409160892725,0.627
monolith2-gr-iwss,M2-GR-IWSS,monolith2,high_StNum,0.9629302580879999,0.46860481663275,0.99574355222125,0.9674173136569999,0.9585
monolith2-gr-iwss,M2-GR-IWSS,monolith2,injection,0.9942280361875,0.94138895615975,0.99953102723675,0.9977326085525,0.99075
monolith2-gr-iwss,M2-GR-IWSS,monolith2,inverse_replay,0.9587938777714999,0.542170705807,0.97151608601525,0.9409031480050001,0.9695
monolith2-gr-iwss,M2-GR-IWSS,monolith2,masquerade_fake_fault,0.763155945976,0.54997628408775,0.9743689196705,0.8224171590889999,0.712
monolith2-gr-iwss,M2-GR-IWSS,monolith2,masquerade_fake_normal,0.9460462254399999,0.6119722545290001,0.975292338906,0.9522273142355,0.94025
monolith2-gr-iwss,M2-GR-IWSS,monolith2,normal,0.6960747671295,0.53971618367175,0.727792813352,0.641274048145,0.741125
monolith2-gr-iwss,M2-GR-IWSS,monolith2,poisoned_high_rate,0.9707399883000001,0.93085884440675,0.98483328933625,0.988537259879,0.9485
monolith2-gr-iwss,M2-GR-IWSS,monolith2,random_replay,0.6603913154834999,0.22918465193725,0.76913830508075,0.7173187684169999,0.60575
