architecture,seed,run_id,run_dir,test_f1_macro,validation_f1_macro,test_precision_macro,test_recall_macro,accuracy,subset_size,reduction_percent,elapsed_seconds,selection_elapsed_seconds,candidate_count,candidates_per_second,cpu_cores_median,memory_mib_median,cpu_hours,memory_gib_hours,cpu_hours_per_candidate,memory_gib_hours_per_candidate,stop_reason,selection_horizon_seconds,anytime_auc_normalized,target_0_93_reached,time_to_0_93_seconds_censored,target_0_94_reached,time_to_0_94_seconds_censored,target_0_945_reached,time_to_0_945_seconds_censored,target_0_95_reached,time_to_0_95_seconds_censored,construction_active_seconds,local_search_active_seconds,construction_local_search_overlap_seconds,local_search_overlap_percent,estimated_cpu_core_seconds_to_0_94_censored,unique_candidate_count,distinct_qualified_count,qualified_subset_throughput,reached_quality_threshold,time_to_first_qualified_seconds_censored
distributed,72,causal-distributed-s72-eb86cd3bf73d,/home/idscps/nicolas/experiment-artifacts/architecture-quality-yield/formal-v10/results/distributed/seed-72/causal-distributed-s72-eb86cd3bf73d,0.945405971918,0.944727760737,0.94661369536,0.944277777778,0.935,11,78.43137254901961,2798.769,2700.0,286,0.10592592592592592,4.062099999999999,4732.683999999999,3.0465749999999994,3.4663212890624995,0.010652360139860137,0.012120004507211537,run_timeout,2700.0,0.8499476131719038,True,1680.22,True,1680.22,False,2700.0,False,2700.0,2617.2223381996155,2554.560473918915,2554.5330901145935,99.99892804243231,6825.221661999999,264,0,0.0,False,2700.0
monolith,72,causal-monolith-s72-c1b5401e9483,/home/idscps/nicolas/experiment-artifacts/architecture-quality-yield/formal-v10/results/monolith/seed-72/causal-monolith-s72-c1b5401e9483,0.946423778442,0.94640093937,0.948247715176,0.944763888889,0.93655,13,74.50980392156863,2726.573,2700.0,202,0.07481481481481482,1.00475,1321.472,0.7535625,0.9678749999999999,0.0037305074257425745,0.004791460396039604,run_timeout,2700.0,0.8871641550883079,True,709.674,True,709.674,True,1164.391,False,2700.0,22.717,2608.148,0.0,0.0,713.0449515,187,2,0.0007407407407407407,True,1164.391
distributed,73,causal-distributed-s73-ba64591ff172,/home/idscps/nicolas/experiment-artifacts/architecture-quality-yield/formal-v10/results/distributed/seed-73/causal-distributed-s73-ba64591ff172,0.918191213881,0.918597116213,0.924944054283,0.913680555556,0.90735,10,80.3921568627451,2798.072,2700.0,201,0.07444444444444444,4.0573999999999995,4766.4439999999995,3.0430499999999996,3.4910478515624996,0.015139552238805969,0.017368397271455224,run_timeout,2700.0,0.7583364055564816,False,2700.0,False,2700.0,False,2700.0,False,2700.0,2617.3632593154907,2502.554729938507,2502.530007123947,99.99901209694781,10954.979999999998,186,0,0.0,False,2700.0
monolith,73,causal-monolith-s73-37c173b9e5a1,/home/idscps/nicolas/experiment-artifacts/architecture-quality-yield/formal-v10/results/monolith/seed-73/causal-monolith-s73-37c173b9e5a1,0.941890909582,0.941341282735,0.943100278424,0.940777777778,0.93115,16,68.62745098039215,2728.903,2700.0,181,0.06703703703703703,1.0034999999999998,1297.408,0.7526249999999999,0.9502499999999999,0.004158149171270718,0.0052499999999999995,run_timeout,2700.0,0.8211246600746086,True,1111.137,True,1226.367,False,2700.0,False,2700.0,45.775999999999996,2587.512,0.0,0.0,1230.6592844999998,167,0,0.0,False,2700.0
distributed,74,causal-distributed-s74-f7e269279885,/home/idscps/nicolas/experiment-artifacts/architecture-quality-yield/formal-v10/results/distributed/seed-74/causal-distributed-s74-f7e269279885,0.946605265477,0.946741274312,0.947889464391,0.945402777778,0.936825,12,76.47058823529412,2799.732,2700.0,344,0.1274074074074074,4.0748500000000005,5411.592000000001,3.0561375,3.9635683593750004,0.008884120639534884,0.01152200104469477,run_timeout,2700.0,0.901044306985563,True,225.381,True,719.622,True,1019.832,False,2700.0,2598.4529991149902,2593.4877359867096,2574.6452400684357,99.27346886369196,2932.3517067000002,318,5,0.001851851851851852,True,1019.832
monolith,74,causal-monolith-s74-4f8988c856b0,/home/idscps/nicolas/experiment-artifacts/architecture-quality-yield/formal-v10/results/monolith/seed-74/causal-monolith-s74-4f8988c856b0,0.945071515092,0.94392768085,0.94711628673,0.94325,0.9354,12,76.47058823529412,2727.587,2700.0,202,0.07481481481481482,1.0038,1314.8159999999998,0.75285,0.9629999999999997,0.003726980198019802,0.004767326732673266,run_timeout,2700.0,0.9007958915766116,True,312.208,True,312.208,False,2700.0,False,2700.0,7.825999999999993,2625.361,0.0,0.0,313.3943904,187,0,0.0,False,2700.0
distributed,75,causal-distributed-s75-bbcd699296b2,/home/idscps/nicolas/experiment-artifacts/architecture-quality-yield/formal-v10/results/distributed/seed-75/causal-distributed-s75-bbcd699296b2,0.943636590987,0.945695866396,0.944978973184,0.942375,0.933275,9,82.35294117647058,2802.175,2700.0,269,0.09962962962962962,4.7042,5388.036,3.52815,3.9463154296874996,0.013115799256505576,0.01467031758248141,run_timeout,2700.0,0.8996044830404777,True,416.01400000000007,True,416.01400000000007,True,506.42699999999996,False,2700.0,2536.774999856949,2588.9034860134125,2506.62952876091,96.82205390440437,1957.0130588000004,250,4,0.0014814814814814814,True,506.427
monolith,75,causal-monolith-s75-d850664c02ec,/home/idscps/nicolas/experiment-artifacts/architecture-quality-yield/formal-v10/results/monolith/seed-75/causal-monolith-s75-d850664c02ec,0.946451585327,0.94554316392,0.947517490783,0.945430555556,0.9362,7,86.27450980392157,2716.686,2700.0,187,0.06925925925925926,1.0044499999999998,1331.712,0.7533374999999999,0.975375,0.004028542780748662,0.0052159090909090905,run_timeout,2700.0,0.9083969398764564,True,248.287,True,248.287,True,268.89,False,2700.0,11.812999999999988,2614.197,0.0,0.0,249.39187714999997,173,1,0.00037037037037037035,True,268.89
distributed,76,causal-distributed-s76-4840857d9002,/home/idscps/nicolas/experiment-artifacts/architecture-quality-yield/formal-v10/results/distributed/seed-76/causal-distributed-s76-4840857d9002,0.946047764093,0.946127096744,0.947197691074,0.944972222222,0.936075,11,78.43137254901961,2799.284,2700.0,335,0.12407407407407407,4.0504,5194.163999999999,3.0378,3.804319335937499,0.009068059701492538,0.01135617712220149,run_timeout,2700.0,0.9066938457695259,True,148.37400000000002,True,306.255,True,306.255,False,2700.0,2567.2239995002747,2590.694046974182,2537.25231051445,97.93716527344672,1240.455252,310,7,0.0025925925925925925,True,306.255
monolith,76,causal-monolith-s76-5f87ba14e691,/home/idscps/nicolas/experiment-artifacts/architecture-quality-yield/formal-v10/results/monolith/seed-76/causal-monolith-s76-5f87ba14e691,0.946689460779,0.94636934132,0.947523048162,0.945888888889,0.936675,14,72.54901960784314,2721.188,2700.0,188,0.06962962962962962,1.0583,1347.584,0.793725,0.9870000000000001,0.004221941489361702,0.00525,run_timeout,2700.0,0.9127165928013239,True,111.611,True,187.301,True,187.301,False,2700.0,11.376999999999995,2613.962,0.0,0.0,198.2206483,174,9,0.0033333333333333335,True,187.3
distributed,77,causal-distributed-s77-191388229c34,/home/idscps/nicolas/experiment-artifacts/architecture-quality-yield/formal-v10/results/distributed/seed-77/causal-distributed-s77-191388229c34,0.941955380304,0.94181147018,0.943566248474,0.9405,0.9309,11,78.43137254901961,2796.863,2700.0,254,0.09407407407407407,4.11735,4846.224,3.0880124999999996,3.54948046875,0.012157529527559054,0.01397433255413386,run_timeout,2700.0,0.8209824970629741,True,2332.925,True,2600.8,False,2700.0,False,2700.0,2519.09299993515,2557.557319879532,2455.2749648094177,96.00077956122087,10708.403880000002,233,0,0.0,False,2700.0
monolith,77,causal-monolith-s77-05bcee46a06a,/home/idscps/nicolas/experiment-artifacts/architecture-quality-yield/formal-v10/results/monolith/seed-77/causal-monolith-s77-05bcee46a06a,0.941822795794,0.942712909424,0.943011352119,0.94075,0.9307,15,70.58823529411764,2725.143,2700.0,198,0.07333333333333333,1.0038,1318.912,0.75285,0.966,0.0038022727272727275,0.004878787878787878,run_timeout,2700.0,0.8694176875948001,True,1049.575,True,1175.929,False,2700.0,False,2700.0,23.971000000000004,2604.935,0.0,0.0,1180.3975302000001,183,0,0.0,False,2700.0
distributed,78,causal-distributed-s78-e61d83c9a538,/home/idscps/nicolas/experiment-artifacts/architecture-quality-yield/formal-v10/results/distributed/seed-78/causal-distributed-s78-e61d83c9a538,0.944038985624,0.944469709234,0.945777732133,0.942458333333,0.93385,7,86.27450980392157,2791.837,2700.0,280,0.1037037037037037,4.0557,5342.272999999999,3.041775,3.9127976074218744,0.010863482142857142,0.013974277169363837,run_timeout,2700.0,0.8658519173379741,True,415.306,True,415.306,False,2700.0,False,2700.0,2579.9609999656677,2503.1123011112213,2462.120486021042,98.36236612029026,1684.3565442,260,0,0.0,False,2700.0
monolith,78,causal-monolith-s78-663bb384324e,/home/idscps/nicolas/experiment-artifacts/architecture-quality-yield/formal-v10/results/monolith/seed-78/causal-monolith-s78-663bb384324e,0.946005067746,0.945935020842,0.947446386222,0.944680555556,0.936175,14,72.54901960784314,2716.81,2700.0,176,0.06518518518518518,1.00355,1333.76,0.7526625,0.976875,0.004276491477272728,0.005550426136363636,run_timeout,2700.0,0.83091743466571,True,784.381,True,784.381,True,1603.618,False,2700.0,42.503,2577.6229999999996,0.0,0.0,787.1655525499999,162,2,0.0007407407407407407,True,1603.618
distributed,79,causal-distributed-s79-f728dadff842,/home/idscps/nicolas/experiment-artifacts/architecture-quality-yield/formal-v10/results/distributed/seed-79/causal-distributed-s79-f728dadff842,0.945098425769,0.944461043536,0.946568085214,0.943736111111,0.934675,9,82.35294117647058,2793.08,2700.0,316,0.11703703703703704,4.7015,4961.391,3.5261250000000004,3.6338312988281247,0.01115862341772152,0.01149946613553204,run_timeout,2700.0,0.8791558142529593,True,775.969,True,1223.166,False,2700.0,False,2700.0,2616.9594357013702,2583.0991740226746,2583.0728838443756,99.99898222342513,5750.714949,292,0,0.0,False,2700.0
monolith,79,causal-monolith-s79-810336662b39,/home/idscps/nicolas/experiment-artifacts/architecture-quality-yield/formal-v10/results/monolith/seed-79/causal-monolith-s79-810336662b39,0.942921819886,0.944159974683,0.943828401961,0.942069444444,0.932225,14,72.54901960784314,2731.237,2700.0,193,0.07148148148148148,1.004,1328.128,0.753,0.9727499999999999,0.003901554404145078,0.005040155440414507,run_timeout,2700.0,0.8776619363803869,True,851.826,True,949.75,False,2700.0,False,2700.0,23.769999999999996,2611.8619999999996,0.0,0.0,953.549,178,0,0.0,False,2700.0
distributed,80,causal-distributed-s80-d8adab371947,/home/idscps/nicolas/experiment-artifacts/architecture-quality-yield/formal-v10/results/distributed/seed-80/causal-distributed-s80-d8adab371947,0.943101604462,0.943592768037,0.944631446415,0.941694444444,0.93245,13,74.50980392156863,2802.799,2700.0,321,0.11888888888888889,4.6497,5300.432000000001,3.4872750000000003,3.8821523437500005,0.010863785046728972,0.01209393253504673,run_timeout,2700.0,0.8570260244271592,True,1590.721,True,1766.424,False,2700.0,False,2700.0,2616.3561265468597,2558.588459968567,2558.5590405464172,99.99885016982567,8213.3416728,297,0,0.0,False,2700.0
monolith,80,causal-monolith-s80-9e1e8595c4d1,/home/idscps/nicolas/experiment-artifacts/architecture-quality-yield/formal-v10/results/monolith/seed-80/causal-monolith-s80-9e1e8595c4d1,0.943101604462,0.943592768037,0.944631446415,0.941694444444,0.93245,13,74.50980392156863,2728.393,2700.0,201,0.07444444444444444,1.004,1324.032,0.753,0.96975,0.003746268656716418,0.004824626865671641,run_timeout,2700.0,0.8951381798182781,True,612.961,True,692.848,False,2700.0,False,2700.0,20.980000000000004,2611.76,0.0,0.0,695.619392,186,0,0.0,False,2700.0
distributed,81,causal-distributed-s81-e632aef983ce,/home/idscps/nicolas/experiment-artifacts/architecture-quality-yield/formal-v10/results/distributed/seed-81/causal-distributed-s81-e632aef983ce,0.946067254518,0.945549244641,0.947126539438,0.945069444444,0.935775,8,84.31372549019608,2789.315,2700.0,330,0.12222222222222222,4.07125,5111.342,3.0534375,3.7436586914062495,0.009252840909090908,0.011344420276988634,run_timeout,2700.0,0.8798822368587,True,616.6179999999999,True,616.6179999999999,True,644.153,False,2700.0,2597.140999317169,2588.0755920410156,2565.1831860542297,99.11546609932161,2510.4060324999996,305,6,0.0022222222222222222,True,644.153
monolith,81,causal-monolith-s81-a1c4a118a191,/home/idscps/nicolas/experiment-artifacts/architecture-quality-yield/formal-v10/results/monolith/seed-81/causal-monolith-s81-a1c4a118a191,0.942409184042,0.943611237219,0.943733443387,0.941180555556,0.93135,13,74.50980392156863,2729.164,2700.0,200,0.07407407407407407,1.0042,1340.416,0.75315,0.9817499999999999,0.00376575,0.00490875,run_timeout,2700.0,0.8795468922727765,True,768.293,True,791.134,False,2700.0,False,2700.0,11.344000000000008,2623.751,0.0,0.0,794.4567628,185,0,0.0,False,2700.0
distributed,82,causal-distributed-s82-68e11ef6a67a,/home/idscps/nicolas/experiment-artifacts/architecture-quality-yield/formal-v10/results/distributed/seed-82/causal-distributed-s82-68e11ef6a67a,0.943158581732,0.942455637399,0.945744105321,0.940888888889,0.933075,11,78.43137254901961,2799.77,2700.0,301,0.11148148148148149,4.686450000000001,4808.312,3.514837500000001,3.521712890625,0.011677200996677744,0.011700042825996678,run_timeout,2700.0,0.8553984114190816,True,1521.433,True,2092.7599999999998,True,2610.324,False,2700.0,2590.2530002593994,2562.9850590229034,2535.824720144272,98.9402849313142,9807.615102,279,1,0.00037037037037037035,True,2610.324
monolith,82,causal-monolith-s82-0806cc28b86a,/home/idscps/nicolas/experiment-artifacts/architecture-quality-yield/formal-v10/results/monolith/seed-82/causal-monolith-s82-0806cc28b86a,0.943026323422,0.942434964241,0.943853560149,0.94225,0.93215,13,74.50980392156863,2715.911,2700.0,200,0.07407407407407407,1.004,1296.384,0.753,0.9494999999999999,0.003765,0.004747499999999999,run_timeout,2700.0,0.8907310903688459,True,842.075,True,869.408,False,2700.0,False,2700.0,18.195000000000007,2601.4390000000003,0.0,0.0,872.885632,185,0,0.0,False,2700.0
distributed,83,causal-distributed-s83-85fab8cb6b4d,/home/idscps/nicolas/experiment-artifacts/architecture-quality-yield/formal-v10/results/distributed/seed-83/causal-distributed-s83-85fab8cb6b4d,0.946263480286,0.945943781611,0.947287555765,0.945291666667,0.936225,12,76.47058823529412,2798.918,2700.0,334,0.1237037037037037,4.074999999999999,5108.608,3.0562499999999995,3.7416562499999997,0.009150449101796406,0.01120256362275449,run_timeout,2700.0,0.8862529969182814,True,877.206,True,877.206,True,944.265,False,2700.0,2620.8082683086395,2598.7789919376373,2598.743013381958,99.99861555923798,3574.6144499999996,309,4,0.0014814814814814814,True,944.265
monolith,83,causal-monolith-s83-94c8bb576743,/home/idscps/nicolas/experiment-artifacts/architecture-quality-yield/formal-v10/results/monolith/seed-83/causal-monolith-s83-94c8bb576743,0.946263480286,0.945943781611,0.947287555765,0.945291666667,0.936225,12,76.47058823529412,2720.254,2700.0,194,0.07185185185185185,1.0039500000000001,1305.088,0.7529625000000001,0.955875,0.0038812500000000006,0.004927190721649485,run_timeout,2700.0,0.9007780588141887,True,478.028,True,478.028,True,738.417,False,2700.0,9.525000000000006,2614.242,0.0,0.0,479.91621060000006,179,2,0.0007407407407407407,True,738.417
distributed,84,causal-distributed-s84-2fcbc2dfc63e,/home/idscps/nicolas/experiment-artifacts/architecture-quality-yield/formal-v10/results/distributed/seed-84/causal-distributed-s84-2fcbc2dfc63e,0.946272128705,0.945926766012,0.947656624994,0.944972222222,0.93605,7,86.27450980392157,2787.283,2700.0,292,0.10814814814814815,4.06995,5043.53,3.0524625000000003,3.69399169921875,0.010453638698630138,0.012650656504173801,run_timeout,2700.0,0.8648658823361001,True,750.689,True,750.689,True,775.367,False,2700.0,2585.350999355316,2544.5623800754547,2511.6599066257477,98.70694962295515,3055.2666955500003,270,3,0.0011111111111111111,True,775.367
monolith,84,causal-monolith-s84-037a6d265041,/home/idscps/nicolas/experiment-artifacts/architecture-quality-yield/formal-v10/results/monolith/seed-84/causal-monolith-s84-037a6d265041,0.941492980531,0.942834819309,0.942738716476,0.940375,0.93025,11,78.43137254901961,2712.481,2700.0,194,0.07185185185185185,1.0040499999999999,1315.328,0.7530374999999998,0.963375,0.0038816365979381434,0.004965850515463917,run_timeout,2700.0,0.8750882975680111,True,721.601,True,721.601,False,2700.0,False,2700.0,29.542999999999992,2589.371,0.0,0.0,724.5234840499999,179,0,0.0,False,2700.0
distributed,85,causal-distributed-s85-df92ac49be05,/home/idscps/nicolas/experiment-artifacts/architecture-quality-yield/formal-v10/results/distributed/seed-85/causal-distributed-s85-df92ac49be05,0.946182603408,0.945322996493,0.951044970076,0.942958333333,0.938375,12,76.47058823529412,2797.092,2700.0,353,0.13074074074074074,4.0973999999999995,4906.964,3.0730499999999994,3.5939677734375004,0.008705524079320112,0.010181211822769123,run_timeout,2700.0,0.8953830421395889,True,575.222,True,778.4630000000001,True,1841.1419999999998,False,2700.0,2607.3689997196198,2595.5901658535004,2581.8655247688293,99.47123235150038,3189.6742962,326,2,0.0007407407407407407,True,1841.142
monolith,85,causal-monolith-s85-9d3462f9bbd0,/home/idscps/nicolas/experiment-artifacts/architecture-quality-yield/formal-v10/results/monolith/seed-85/causal-monolith-s85-9d3462f9bbd0,0.946182603408,0.945322996493,0.951044970076,0.942958333333,0.938375,12,76.47058823529412,2720.103,2700.0,203,0.07518518518518519,1.0039500000000001,1318.912,0.7529625000000001,0.966,0.003709174876847291,0.004758620689655172,run_timeout,2700.0,0.9041358783168525,True,515.035,True,586.861,True,748.226,False,2700.0,7.385000000000005,2619.051,0.0,0.0,589.17910095,188,2,0.0007407407407407407,True,748.226
distributed,86,causal-distributed-s86-c29f6502afc1,/home/idscps/nicolas/experiment-artifacts/architecture-quality-yield/formal-v10/results/distributed/seed-86/causal-distributed-s86-c29f6502afc1,0.94725050065,0.946768936574,0.948648585728,0.945986111111,0.937825,13,74.50980392156863,2803.013,2700.0,298,0.11037037037037037,4.13085,4784.8,3.0981374999999995,3.5044921875,0.010396434563758388,0.011760040897651007,run_timeout,2700.0,0.8601109200127185,True,1829.4679999999998,True,1843.504,True,2413.8869999999997,False,2700.0,2620.818508386612,2564.2817981243134,2564.2570445537567,99.99903467822551,7615.238498399999,275,1,0.00037037037037037035,True,2413.887
monolith,86,causal-monolith-s86-c946e7dfa37b,/home/idscps/nicolas/experiment-artifacts/architecture-quality-yield/formal-v10/results/monolith/seed-86/causal-monolith-s86-c946e7dfa37b,0.94725050065,0.946768936574,0.948648585728,0.945986111111,0.937825,13,74.50980392156863,2731.946,2700.0,215,0.07962962962962963,1.0041,1280.0,0.753075,0.9375,0.0035026744186046513,0.00436046511627907,run_timeout,2700.0,0.8942629864444198,True,698.919,True,698.919,True,964.121,False,2700.0,21.086,2613.658,0.0,0.0,701.7845679,199,1,0.00037037037037037035,True,964.121
distributed,87,causal-distributed-s87-7d37d37bdef7,/home/idscps/nicolas/experiment-artifacts/architecture-quality-yield/formal-v10/results/distributed/seed-87/causal-distributed-s87-7d37d37bdef7,0.943952861139,0.943830866694,0.945795143898,0.942263888889,0.9338,12,76.47058823529412,2796.662,2700.0,219,0.0811111111111111,4.071950000000001,4761.359,3.053962500000001,3.4873234863281253,0.013945034246575345,0.015923851535744864,run_timeout,2700.0,0.8616631747561777,True,1849.493,True,1849.493,False,2700.0,False,2700.0,2579.7010004520416,2581.894152879715,2545.496336698532,98.59026691157783,7531.043021350002,203,0,0.0,False,2700.0
monolith,87,causal-monolith-s87-d4bc46b95885,/home/idscps/nicolas/experiment-artifacts/architecture-quality-yield/formal-v10/results/monolith/seed-87/causal-monolith-s87-d4bc46b95885,0.943952861139,0.943830866694,0.945795143898,0.942263888889,0.9338,12,76.47058823529412,2719.976,2700.0,210,0.07777777777777778,1.0033,1299.9679999999998,0.7524750000000001,0.9521249999999999,0.0035832142857142864,0.004533928571428571,run_timeout,2700.0,0.8953473114557468,True,635.334,True,635.334,False,2700.0,False,2700.0,11.053999999999988,2617.178,0.0,0.0,637.4306022,195,0,0.0,False,2700.0
distributed,88,causal-distributed-s88-537f36a7d80c,/home/idscps/nicolas/experiment-artifacts/architecture-quality-yield/formal-v10/results/distributed/seed-88/causal-distributed-s88-537f36a7d80c,0.944773891497,0.94430922906,0.944638951315,0.945027777778,0.93435,9,82.35294117647058,2789.333,2700.0,351,0.13,4.082050000000001,4887.523999999999,3.0615375000000005,3.5797294921874996,0.008722329059829061,0.010198659521901708,run_timeout,2700.0,0.870663799807674,True,1024.492,True,1024.492,False,2700.0,False,2700.0,2620.812171936035,2574.975191116333,2574.9356541633606,99.99846456955746,4182.0275686,326,0,0.0,False,2700.0
monolith,88,causal-monolith-s88-64dd5dba75dd,/home/idscps/nicolas/experiment-artifacts/architecture-quality-yield/formal-v10/results/monolith/seed-88/causal-monolith-s88-64dd5dba75dd,0.94517679885,0.946159680574,0.945789609916,0.944583333333,0.934975,14,72.54901960784314,2723.546,2700.0,200,0.07407407407407407,1.00415,1336.32,0.7531125000000001,0.97875,0.0037655625000000002,0.00489375,run_timeout,2700.0,0.8903748557918314,True,730.131,True,743.024,True,1235.998,False,2700.0,14.908000000000001,2613.197,0.0,0.0,746.1075496000001,185,1,0.00037037037037037035,True,1235.997
distributed,89,causal-distributed-s89-e8a89ab3c68d,/home/idscps/nicolas/experiment-artifacts/architecture-quality-yield/formal-v10/results/distributed/seed-89/causal-distributed-s89-e8a89ab3c68d,0.945943353682,0.946376856922,0.946750722153,0.945166666667,0.9359,10,80.3921568627451,2798.226,2700.0,353,0.13074074074074074,4.059,5300.534,3.0442500000000003,3.8822270507812497,0.008623937677053826,0.010997810342156515,run_timeout,2700.0,0.9042839874531927,True,273.63100000000003,True,273.63100000000003,True,1222.173,False,2700.0,2621.2397015094757,2595.7711551189423,2595.746866464615,99.99906429908971,1110.668229,326,6,0.0022222222222222222,True,1222.173
monolith,89,causal-monolith-s89-a19b705a17a9,/home/idscps/nicolas/experiment-artifacts/architecture-quality-yield/formal-v10/results/monolith/seed-89/causal-monolith-s89-a19b705a17a9,0.945943353682,0.946376856922,0.946750722153,0.945166666667,0.9359,10,80.3921568627451,2719.259,2700.0,197,0.07296296296296297,1.0042,1348.608,0.75315,0.9877499999999999,0.0038230964467005075,0.005013959390862944,run_timeout,2700.0,0.9118559359202866,True,157.296,True,157.296,True,550.025,False,2700.0,10.38600000000001,2616.523,0.0,0.0,157.9566432,182,5,0.001851851851851852,True,550.025
distributed,90,causal-distributed-s90-fc0907938168,/home/idscps/nicolas/experiment-artifacts/architecture-quality-yield/formal-v10/results/distributed/seed-90/causal-distributed-s90-fc0907938168,0.941339698259,0.941905167673,0.943008081113,0.939805555556,0.930375,12,76.47058823529412,2797.478,2700.0,278,0.10296296296296296,4.04965,4890.800000000001,3.0372374999999994,3.582128906250001,0.010925314748201437,0.0128853557778777,run_timeout,2700.0,0.884345151068963,True,1123.19,True,1330.94,False,2700.0,False,2700.0,2618.05250954628,2580.7740728855133,2580.7458686828613,99.99890714173905,5389.841171,256,0,0.0,False,2700.0
monolith,90,causal-monolith-s90-af8bb65b8c82,/home/idscps/nicolas/experiment-artifacts/architecture-quality-yield/formal-v10/results/monolith/seed-90/causal-monolith-s90-af8bb65b8c82,0.941339698259,0.941905167673,0.943008081113,0.939805555556,0.930375,12,76.47058823529412,2726.589,2700.0,202,0.07481481481481482,1.0040499999999999,1334.784,0.7530374999999998,0.9776250000000001,0.0037279084158415832,0.004839727722772277,run_timeout,2700.0,0.9020359335554726,True,454.051,True,542.497,False,2700.0,False,2700.0,12.406000000000006,2618.834,0.0,0.0,544.6941128499999,187,0,0.0,False,2700.0
distributed,91,causal-distributed-s91-230ff7d9a014,/home/idscps/nicolas/experiment-artifacts/architecture-quality-yield/formal-v10/results/distributed/seed-91/causal-distributed-s91-230ff7d9a014,0.944596626255,0.9443697377,0.945943986144,0.943361111111,0.93385,12,76.47058823529412,2799.583,2700.0,314,0.1162962962962963,4.07685,5223.280000000001,3.0576375000000002,3.8256445312500005,0.009737699044585988,0.012183581309713377,run_timeout,2700.0,0.874868725073985,True,1646.926,True,1738.081,False,2700.0,False,2700.0,2616.5310003757477,2581.169709920883,2581.030637025833,99.9946120204915,7085.895524850001,285,0,0.0,False,2700.0
monolith,91,causal-monolith-s91-605a0ea8e884,/home/idscps/nicolas/experiment-artifacts/architecture-quality-yield/formal-v10/results/monolith/seed-91/causal-monolith-s91-605a0ea8e884,0.943413980123,0.94339311517,0.945591926835,0.941444444444,0.932975,12,76.47058823529412,2713.105,2700.0,208,0.07703703703703704,1.0045,1321.472,0.7533749999999999,0.9678749999999999,0.0036219951923076917,0.004653245192307692,run_timeout,2700.0,0.8962150695347519,True,625.009,True,700.678,False,2700.0,False,2700.0,11.722999999999999,2608.244,0.0,0.0,703.831051,193,0,0.0,False,2700.0
distributed,92,causal-distributed-s92-b1cb772cc2b5,/home/idscps/nicolas/experiment-artifacts/architecture-quality-yield/formal-v10/results/distributed/seed-92/causal-distributed-s92-b1cb772cc2b5,0.947352555975,0.946304356869,0.947362840443,0.947458333333,0.93705,7,86.27450980392157,2790.361,2700.0,309,0.11444444444444445,4.0488,5102.182000000001,3.0366,3.7369497070312505,0.009827184466019417,0.012093688372269418,run_timeout,2700.0,0.8750314211615965,True,732.865,True,732.865,True,732.865,False,2700.0,2532.4850001335144,2574.8745279312134,2485.2093489170074,96.51768744295872,2967.223812,286,4,0.0014814814814814814,True,732.865
monolith,92,causal-monolith-s92-e8636596de73,/home/idscps/nicolas/experiment-artifacts/architecture-quality-yield/formal-v10/results/monolith/seed-92/causal-monolith-s92-e8636596de73,0.942964215611,0.941842931344,0.947551880481,0.939625,0.934375,15,70.58823529411764,2727.12,2700.0,193,0.07148148148148148,1.0036,1325.056,0.7527,0.9705,0.0039000000000000003,0.005028497409326425,run_timeout,2700.0,0.886022108791674,True,1029.267,True,1098.519,False,2700.0,False,2700.0,16.432000000000002,2614.459,0.0,0.0,1102.4736684,178,0,0.0,False,2700.0
distributed,93,causal-distributed-s93-c6b6ed9782e4,/home/idscps/nicolas/experiment-artifacts/architecture-quality-yield/formal-v10/results/distributed/seed-93/causal-distributed-s93-c6b6ed9782e4,0.946270508257,0.94524696377,0.947470981313,0.945138888889,0.936275,8,84.31372549019608,2799.459,2700.0,361,0.1337037037037037,4.07155,5176.4619999999995,3.0536625,3.7913540039062497,0.00845889889196676,0.010502365661790166,run_timeout,2700.0,0.8964093830168555,True,477.313,True,527.758,True,946.48,False,2700.0,2597.817999124527,2597.1511340141296,2573.859956264496,99.10320283465232,2148.7930849000004,335,4,0.0014814814814814814,True,946.48
monolith,93,causal-monolith-s93-fd59698bb1e5,/home/idscps/nicolas/experiment-artifacts/architecture-quality-yield/formal-v10/results/monolith/seed-93/causal-monolith-s93-fd59698bb1e5,0.9445327986,0.944034152802,0.946066370316,0.943097222222,0.9342,9,82.35294117647058,2722.018,2700.0,211,0.07814814814814815,1.00385,1317.888,0.7528874999999998,0.9652499999999999,0.0035681872037914685,0.004574644549763033,run_timeout,2700.0,0.9056532685618024,True,301.334,True,301.334,False,2700.0,False,2700.0,7.719999999999999,2624.275,0.0,0.0,302.4941359,196,0,0.0,False,2700.0
distributed,94,causal-distributed-s94-26019b75e95e,/home/idscps/nicolas/experiment-artifacts/architecture-quality-yield/formal-v10/results/distributed/seed-94/causal-distributed-s94-26019b75e95e,0.913676993911,0.914218068376,0.917715700784,0.910597222222,0.902025,9,82.35294117647058,2787.028,2700.0,200,0.07407407407407407,4.04645,4668.156,3.0348375,3.4190595703124997,0.0151741875,0.0170952978515625,run_timeout,2700.0,0.7865156848017815,False,2700.0,False,2700.0,False,2700.0,False,2700.0,2616.672889471054,2511.1611251831055,2511.1330754756927,99.99888299850092,10925.415,185,0,0.0,False,2700.0
monolith,94,causal-monolith-s94-fc41586e2a88,/home/idscps/nicolas/experiment-artifacts/architecture-quality-yield/formal-v10/results/monolith/seed-94/causal-monolith-s94-fc41586e2a88,0.944819300429,0.943786724151,0.94926723057,0.941708333333,0.936425,14,72.54901960784314,2725.119,2700.0,191,0.07074074074074074,1.00415,1297.408,0.7531125000000001,0.9502499999999999,0.003942997382198953,0.004975130890052356,run_timeout,2700.0,0.8515234517600352,True,1198.592,True,1211.78,False,2700.0,False,2700.0,37.42999999999999,2590.881,0.0,0.0,1216.8088870000001,176,0,0.0,False,2700.0
distributed,95,causal-distributed-s95-620be34e8778,/home/idscps/nicolas/experiment-artifacts/architecture-quality-yield/formal-v10/results/distributed/seed-95/causal-distributed-s95-620be34e8778,0.942977695219,0.942909053448,0.94710688974,0.939986111111,0.9342,12,76.47058823529412,2796.899,2700.0,298,0.11037037037037037,4.0581,4706.7,3.0435749999999997,3.4472900390625,0.010213338926174495,0.011568087379404363,run_timeout,2700.0,0.8595307051108333,True,1771.4560000000001,True,2034.9450000000002,True,2693.302,False,2700.0,2620.720390558243,2565.2603931427,2565.2338795661926,99.99896643722491,8258.0103045,276,1,0.00037037037037037035,True,2693.302
monolith,95,causal-monolith-s95-1858c8c969cc,/home/idscps/nicolas/experiment-artifacts/architecture-quality-yield/formal-v10/results/monolith/seed-95/causal-monolith-s95-1858c8c969cc,0.944774546677,0.944609716649,0.949855214248,0.941236111111,0.93645,12,76.47058823529412,2728.352,2700.0,200,0.07407407407407407,1.00355,1297.408,0.7526625,0.9502499999999999,0.0037633125,0.004751249999999999,run_timeout,2700.0,0.8938277140981705,True,868.541,True,868.541,False,2700.0,False,2700.0,19.941000000000003,2612.194,0.0,0.0,871.62432055,185,0,0.0,False,2700.0
distributed,96,causal-distributed-s96-15a575e38486,/home/idscps/nicolas/experiment-artifacts/architecture-quality-yield/formal-v10/results/distributed/seed-96/causal-distributed-s96-15a575e38486,0.94595278038,0.946861139363,0.947139456455,0.944833333333,0.935925,11,78.43137254901961,2795.141,2700.0,350,0.12962962962962962,4.03665,4913.962,3.0274875,3.59909326171875,0.008649964285714285,0.010283123604910715,run_timeout,2700.0,0.8856724314198297,True,706.577,True,706.577,True,776.7550000000001,False,2700.0,2609.128999233246,2584.9954340457916,2577.462096452713,99.70857443329065,2852.20404705,325,3,0.0011111111111111111,True,776.755
monolith,96,causal-monolith-s96-a833ba1c753b,/home/idscps/nicolas/experiment-artifacts/architecture-quality-yield/formal-v10/results/monolith/seed-96/causal-monolith-s96-a833ba1c753b,0.9444240368,0.944437348256,0.945287671969,0.943625,0.933675,9,82.35294117647058,2727.686,2700.0,191,0.07074074074074074,1.00455,1326.592,0.7534125,0.9716250000000001,0.003944568062827225,0.005087041884816754,run_timeout,2700.0,0.8997927158067924,True,473.221,True,483.591,False,2700.0,False,2700.0,10.290000000000006,2626.354,0.0,0.0,485.79133905000003,176,0,0.0,False,2700.0
distributed,97,causal-distributed-s97-df6937c72ab3,/home/idscps/nicolas/experiment-artifacts/architecture-quality-yield/formal-v10/results/distributed/seed-97/causal-distributed-s97-df6937c72ab3,0.943279178662,0.943697613885,0.944161890803,0.942444444444,0.93265,11,78.43137254901961,2798.881,2700.0,248,0.09185185185185185,4.39455,4672.468,3.2959125,3.4222177734375,0.013289969758064516,0.013799265215473791,run_timeout,2700.0,0.8229280846411703,True,1824.527,True,1824.527,False,2700.0,False,2700.0,2572.5920000076294,2529.191591024399,2479.974102973938,98.05402294452014,8017.97512785,229,0,0.0,False,2700.0
monolith,97,causal-monolith-s97-aff1547cf4a9,/home/idscps/nicolas/experiment-artifacts/architecture-quality-yield/formal-v10/results/monolith/seed-97/causal-monolith-s97-aff1547cf4a9,0.944963312606,0.943856795831,0.950708213992,0.941208333333,0.937075,14,72.54901960784314,2718.27,2700.0,200,0.07407407407407407,1.0042499999999999,1316.3519999999999,0.7531874999999999,0.9641249999999999,0.0037659374999999993,0.004820624999999999,run_timeout,2700.0,0.8402916528761044,True,942.342,True,964.288,False,2700.0,False,2700.0,41.80900000000001,2582.579,0.0,0.0,968.3862239999999,185,0,0.0,False,2700.0
distributed,98,causal-distributed-s98-ed4890efd45d,/home/idscps/nicolas/experiment-artifacts/architecture-quality-yield/formal-v10/results/distributed/seed-98/causal-distributed-s98-ed4890efd45d,0.946423778442,0.94640093937,0.948247715176,0.944763888889,0.93655,13,74.50980392156863,2796.866,2700.0,360,0.13333333333333333,4.68655,5004.072,3.5149125000000003,3.665091796875,0.009763645833333334,0.010180810546875,run_timeout,2700.0,0.8996401607206443,True,524.7170000000001,True,524.7170000000001,True,555.664,False,2700.0,2595.8579993247986,2585.0453469753265,2566.0245974063873,99.26420054521694,2459.1124563500007,334,3,0.0011111111111111111,True,555.664
monolith,98,causal-monolith-s98-242c768cf397,/home/idscps/nicolas/experiment-artifacts/architecture-quality-yield/formal-v10/results/monolith/seed-98/causal-monolith-s98-242c768cf397,0.945887415357,0.945247462059,0.946595139635,0.945208333333,0.935775,7,86.27450980392157,2730.859,2700.0,194,0.07185185185185185,1.0859,1337.344,0.8144250000000001,0.9795,0.004198067010309278,0.005048969072164949,run_timeout,2700.0,0.9109891198134471,True,228.259,True,228.259,True,268.261,False,2700.0,9.966000000000008,2625.604,0.0,0.0,247.8664481,179,2,0.0007407407407407407,True,268.261
distributed,99,causal-distributed-s99-64d4b1ba22b1,/home/idscps/nicolas/experiment-artifacts/architecture-quality-yield/formal-v10/results/distributed/seed-99/causal-distributed-s99-64d4b1ba22b1,0.945333503315,0.945199973109,0.947297595987,0.943569444444,0.935325,8,84.31372549019608,2792.656,2700.0,310,0.11481481481481481,4.05845,5456.255000000001,3.0438374999999995,3.9962805175781253,0.00981883064516129,0.012891227476058469,run_timeout,2700.0,0.8848027490425334,True,1482.4769999999999,True,1482.4769999999999,True,1556.7649999999999,False,2700.0,2580.4280004501343,2590.1708629131317,2549.947997570038,98.4470960615372,6016.558780649999,287,2,0.0007407407407407407,True,1556.765
monolith,99,causal-monolith-s99-5e695ed02cb8,/home/idscps/nicolas/experiment-artifacts/architecture-quality-yield/formal-v10/results/monolith/seed-99/causal-monolith-s99-5e695ed02cb8,0.943703194325,0.944806666746,0.944664976296,0.942777777778,0.93325,12,76.47058823529412,2716.874,2700.0,194,0.07185185185185185,1.00345,1330.688,0.7525875,0.9746250000000001,0.0038793170103092784,0.005023840206185568,run_timeout,2700.0,0.9028588907048687,True,622.434,True,657.356,False,2700.0,False,2700.0,9.909999999999997,2610.977,0.0,0.0,659.6238781999999,179,0,0.0,False,2700.0
distributed,100,causal-distributed-s100-fd78993d07f3,/home/idscps/nicolas/experiment-artifacts/architecture-quality-yield/formal-v10/results/distributed/seed-100/causal-distributed-s100-fd78993d07f3,0.944792329092,0.943992121857,0.946309907325,0.943402777778,0.9341,12,76.47058823529412,2800.823,2700.0,282,0.10444444444444445,4.7325,5212.514,3.549375,3.8177592773437503,0.012586436170212765,0.01353815346575798,run_timeout,2700.0,0.8718501023370037,True,1491.223,True,1756.709,False,2700.0,False,2700.0,2586.03800034523,2566.5807139873505,2535.850576400757,98.80268181635121,8313.6253425,261,0,0.0,False,2700.0
monolith,100,causal-monolith-s100-7520dbc747bf,/home/idscps/nicolas/experiment-artifacts/architecture-quality-yield/formal-v10/results/monolith/seed-100/causal-monolith-s100-7520dbc747bf,0.944792329092,0.943992121857,0.946309907325,0.943402777778,0.9341,12,76.47058823529412,2717.418,2700.0,212,0.07851851851851852,1.0038,1293.824,0.75285,0.947625,0.003551179245283019,0.004469929245283019,run_timeout,2700.0,0.8913798222286968,True,599.612,True,634.018,False,2700.0,False,2700.0,18.510000000000005,2605.2270000000003,0.0,0.0,636.4272684,196,0,0.0,False,2700.0
distributed,101,causal-distributed-s101-d6b937e46fc7,/home/idscps/nicolas/experiment-artifacts/architecture-quality-yield/formal-v10/results/distributed/seed-101/causal-distributed-s101-d6b937e46fc7,0.943988986432,0.943514072082,0.948783328532,0.94075,0.935625,11,78.43137254901961,2802.404,2700.0,251,0.09296296296296297,4.05135,5052.994,3.0385125,3.7009233398437495,0.012105627490039841,0.01474471450136952,run_timeout,2700.0,0.8381008436340445,True,1363.103,True,1363.103,False,2700.0,False,2700.0,2616.859027862549,2518.9906940460205,2518.963838815689,99.9989338892599,5522.407339050001,232,0,0.0,False,2700.0
monolith,101,causal-monolith-s101-288d36fc6464,/home/idscps/nicolas/experiment-artifacts/architecture-quality-yield/formal-v10/results/monolith/seed-101/causal-monolith-s101-288d36fc6464,0.945706232414,0.945676770302,0.946495609209,0.944944444444,0.935425,14,72.54901960784314,2722.142,2700.0,178,0.06592592592592593,1.0039,1332.7359999999999,0.7529250000000001,0.9761249999999999,0.004229915730337079,0.005483848314606741,run_timeout,2700.0,0.8358261119401462,True,1279.629,True,1320.407,True,1644.942,False,2700.0,33.07900000000001,2590.58,0.0,0.0,1325.5565873,164,1,0.00037037037037037035,True,1644.941
