arm,architecture,pipeline_workers,seed,run_id,run_dir,test_f1_macro,validation_f1_macro,test_precision_macro,test_recall_macro,accuracy,subset_size,reduction_percent,selection_elapsed_seconds,candidate_count,candidates_per_second,cpu_cores_median,memory_mib_median,cpu_hours,memory_gib_hours,cpu_hours_per_candidate,memory_gib_hours_per_candidate,selection_horizon_seconds,stop_reason,anytime_auc_normalized,target_0_93_reached,time_to_0_93_seconds_censored,target_0_94_reached,time_to_0_94_seconds_censored,target_0_945_reached,time_to_0_945_seconds_censored,target_0_95_reached,time_to_0_95_seconds_censored,construction_active_seconds,local_search_active_seconds,construction_local_search_overlap_seconds,local_search_overlap_percent,unique_candidate_count,distinct_qualified_count,quality_yield_auc_normalized,qualified_subset_throughput,reached_quality_threshold,time_to_first_qualified_seconds_censored,cpu_hours_per_qualified_subset,memory_gib_hours_per_qualified_subset
distributed-w1,distributed,1,102,ablation-distributed-w1-s102-cf787c1cf68b,/home/idscps/nicolas/experiment-artifacts/pipeline-ablation/formal-v11/results/distributed-w1/seed-102/ablation-distributed-w1-s102-cf787c1cf68b,0.94341323716,0.945090449204,0.944676922368,0.942236111111,0.932975,12,76.47058823529412,2700.0,243,0.09,2.35905,3790.382,1.7692875,2.77615869140625,0.007281018518518518,0.011424521363811729,2700.0,run_timeout,0.8818503592667593,True,1213.656,True,1231.7820000000002,True,1231.7820000000002,False,2700.0,2616.912026643753,2582.1585800647736,2582.101240634918,99.99777939936385,232,1,0.5437844444444445,0.00037037037037037035,True,1231.782,1.7692875,2.77615869140625
distributed-w2,distributed,2,102,ablation-distributed-w2-s102-0164dacb57c7,/home/idscps/nicolas/experiment-artifacts/pipeline-ablation/formal-v11/results/distributed-w2/seed-102/ablation-distributed-w2-s102-0164dacb57c7,0.946084035901,0.945577966908,0.947896692375,0.944402777778,0.936075,7,86.27450980392157,2700.0,330,0.12222222222222222,3.1244500000000004,4169.366,2.3433375000000005,3.05373486328125,0.007101022727272729,0.009253742009943182,2700.0,run_timeout,0.8978166455020851,True,455.586,True,455.586,True,504.0,False,2700.0,2621.044174671173,2595.481950044632,2595.4328627586365,99.99810874099916,310,3,2.051245925925926,0.0011111111111111111,True,504.0,0.7811125000000002,1.01791162109375
distributed-w4,distributed,4,102,ablation-distributed-w4-s102-9320c3f00e91,/home/idscps/nicolas/experiment-artifacts/pipeline-ablation/formal-v11/results/distributed-w4/seed-102/ablation-distributed-w4-s102-9320c3f00e91,0.946084035901,0.945577966908,0.947896692375,0.944402777778,0.936075,7,86.27450980392157,2700.0,329,0.12185185185185185,4.14935,4540.866,3.1120125,3.32582958984375,0.009459004559270517,0.010108904528400455,2700.0,run_timeout,0.8894657152522408,True,569.738,True,569.738,True,677.214,False,2700.0,2617.1581559181213,2577.5542120933533,2577.5052938461304,99.99810214477766,305,2,1.487268888888889,0.0007407407407407407,True,677.214,1.55600625,1.662914794921875
monolith,monolith,0,102,ablation-monolith-s102-46490c955dd5,/home/idscps/nicolas/experiment-artifacts/pipeline-ablation/formal-v11/results/monolith/seed-102/ablation-monolith-s102-46490c955dd5,0.94341323716,0.945090449204,0.944676922368,0.942236111111,0.932975,12,76.47058823529412,2700.0,198,0.07333333333333333,1.00455,1328.1280000000002,0.7534125,0.9727500000000001,0.0038051136363636364,0.004912878787878788,2700.0,run_timeout,0.890588427233082,True,788.273,True,828.926,True,841.622,False,2700.0,19.849000000000004,2611.582,0.0,0.0,183,1,0.6882881481481482,0.00037037037037037035,True,841.622,0.7534125,0.9727500000000001
distributed-w1,distributed,1,103,ablation-distributed-w1-s103-6ac2ce614962,/home/idscps/nicolas/experiment-artifacts/pipeline-ablation/formal-v11/results/distributed-w1/seed-103/ablation-distributed-w1-s103-6ac2ce614962,0.944747156989,0.944867089472,0.945680014765,0.943861111111,0.934575,12,76.47058823529412,2700.0,229,0.08481481481481482,2.1668499999999993,3928.483,1.6251374999999995,2.8773068847656247,0.007096670305676854,0.012564658885439409,2700.0,run_timeout,0.8787455809156816,True,1093.964,True,1143.062,False,2700.0,False,2700.0,2616.9963150024414,2577.46569108963,2577.4128489494324,99.99794984118002,218,0,0.0,0.0,False,2700.0,,
distributed-w2,distributed,2,103,ablation-distributed-w2-s103-789ea461d51d,/home/idscps/nicolas/experiment-artifacts/pipeline-ablation/formal-v11/results/distributed-w2/seed-103/ablation-distributed-w2-s103-789ea461d51d,0.944747156989,0.944867089472,0.945680014765,0.943861111111,0.934575,12,76.47058823529412,2700.0,325,0.12037037037037036,3.2169000000000003,3880.1580000000004,2.412675,2.8419125976562505,0.007423615384615385,0.008744346454326925,2700.0,run_timeout,0.8878543663493963,True,1060.31,True,1132.743,False,2700.0,False,2700.0,2621.053715467453,2594.257840871811,2594.2176694869995,99.99845152689997,305,0,0.0,0.0,False,2700.0,,
distributed-w4,distributed,4,103,ablation-distributed-w4-s103-f1eae74d4d8d,/home/idscps/nicolas/experiment-artifacts/pipeline-ablation/formal-v11/results/distributed-w4/seed-103/ablation-distributed-w4-s103-f1eae74d4d8d,0.946532930045,0.947335452966,0.947626167907,0.9455,0.9366,11,78.43137254901961,2700.0,344,0.1274074074074074,4.094200000000001,4467.469999999999,3.0706500000000005,3.2720727539062495,0.008926308139534885,0.00951183940089026,2700.0,run_timeout,0.8937780529582742,True,827.818,True,827.818,True,925.5219999999999,False,2700.0,2587.0259997844696,2586.6940219402313,2556.040411710739,98.81495028134408,319,3,0.9053240740740741,0.0011111111111111111,True,925.522,1.0235500000000002,1.0906909179687498
monolith,monolith,0,103,ablation-monolith-s103-2e4acf0bd987,/home/idscps/nicolas/experiment-artifacts/pipeline-ablation/formal-v11/results/monolith/seed-103/ablation-monolith-s103-2e4acf0bd987,0.944747156989,0.944867089472,0.945680014765,0.943861111111,0.934575,12,76.47058823529412,2700.0,188,0.06962962962962962,1.0038,1324.5439999999999,0.75285,0.9701249999999999,0.004004521276595745,0.005160239361702127,2700.0,run_timeout,0.885418333972568,True,714.876,True,752.256,False,2700.0,False,2700.0,21.804999999999993,2603.188,0.0,0.0,174,0,0.0,0.0,False,2700.0,,
distributed-w1,distributed,1,104,ablation-distributed-w1-s104-5eb4c8d5ae91,/home/idscps/nicolas/experiment-artifacts/pipeline-ablation/formal-v11/results/distributed-w1/seed-104/ablation-distributed-w1-s104-5eb4c8d5ae91,0.946203973438,0.946335035692,0.947538113941,0.944958333333,0.936175,11,78.43137254901961,2700.0,234,0.08666666666666667,2.1172500000000003,3735.4440000000004,1.5879375000000002,2.7359208984375,0.006786057692307694,0.011691969651442308,2700.0,run_timeout,0.8830357587463186,True,974.3980000000001,True,974.3980000000001,True,1009.9580000000001,False,2700.0,2618.353260755539,2586.5784261226654,2586.4914507865906,99.99663743673122,223,2,1.1666925925925924,0.0007407407407407407,True,1009.958,0.7939687500000001,1.36796044921875
distributed-w2,distributed,2,104,ablation-distributed-w2-s104-ebdd16938c44,/home/idscps/nicolas/experiment-artifacts/pipeline-ablation/formal-v11/results/distributed-w2/seed-104/ablation-distributed-w2-s104-ebdd16938c44,0.946203973438,0.946335035692,0.947538113941,0.944958333333,0.936175,11,78.43137254901961,2700.0,327,0.12111111111111111,3.13135,4128.702,2.3485125,3.02395166015625,0.007181995412844037,0.00924755859375,2700.0,run_timeout,0.8880336238308815,True,779.048,True,779.048,True,1272.5900000000001,False,2700.0,2620.7876648902893,2595.2509582042694,2595.2075431346893,99.99832713405064,307,2,0.9536474074074074,0.0007407407407407407,True,1272.59,1.17425625,1.511975830078125
distributed-w4,distributed,4,104,ablation-distributed-w4-s104-d11402fe7f16,/home/idscps/nicolas/experiment-artifacts/pipeline-ablation/formal-v11/results/distributed-w4/seed-104/ablation-distributed-w4-s104-d11402fe7f16,0.946203973438,0.946335035692,0.947538113941,0.944958333333,0.936175,11,78.43137254901961,2700.0,306,0.11333333333333333,4.08005,4944.452,3.0600375,3.6214248046875,0.010000122549019608,0.011834721583946078,2700.0,run_timeout,0.8828768990215519,True,902.013,True,902.013,True,2130.4120000000003,False,2700.0,2589.7450013160706,2590.299432992935,2563.387993335724,98.9610683879077,284,2,0.2136562962962964,0.0007407407407407407,True,2130.412,1.53001875,1.81071240234375
monolith,monolith,0,104,ablation-monolith-s104-bdcdf18ca98a,/home/idscps/nicolas/experiment-artifacts/pipeline-ablation/formal-v11/results/monolith/seed-104/ablation-monolith-s104-bdcdf18ca98a,0.946203973438,0.946335035692,0.947538113941,0.944958333333,0.936175,11,78.43137254901961,2700.0,191,0.07074074074074074,1.0042,1326.592,0.75315,0.9716250000000001,0.003943193717277487,0.005087041884816754,2700.0,run_timeout,0.8961595146975952,True,641.54,True,641.54,True,692.389,False,2700.0,18.182000000000002,2601.4159999999997,0.0,0.0,176,2,1.4249859259259259,0.0007407407407407407,True,692.389,0.376575,0.48581250000000004
distributed-w1,distributed,1,105,ablation-distributed-w1-s105-31771bae6f1b,/home/idscps/nicolas/experiment-artifacts/pipeline-ablation/formal-v11/results/distributed-w1/seed-105/ablation-distributed-w1-s105-31771bae6f1b,0.945494313965,0.945709301589,0.947001800324,0.944083333333,0.9355,8,84.31372549019608,2700.0,244,0.09037037037037036,2.29425,3690.2189999999996,1.7206875,2.702797119140625,0.007051997950819672,0.011077037373527152,2700.0,run_timeout,0.9089241594796666,True,206.046,True,206.046,True,220.267,False,2700.0,2618.3093881607056,2601.9904940128326,2601.9340209960938,99.99782962248061,233,4,3.382616666666667,0.0014814814814814814,True,220.267,0.430171875,0.6756992797851562
distributed-w2,distributed,2,105,ablation-distributed-w2-s105-ad62358a364c,/home/idscps/nicolas/experiment-artifacts/pipeline-ablation/formal-v11/results/distributed-w2/seed-105/ablation-distributed-w2-s105-ad62358a364c,0.945494313965,0.945709301589,0.947001800324,0.944083333333,0.9355,8,84.31372549019608,2700.0,300,0.1111111111111111,3.1971999999999996,4127.592,2.3978999999999995,3.0231386718749995,0.007992999999999998,0.010077128906249998,2700.0,run_timeout,0.9084748185997741,True,214.133,True,214.133,True,228.931,False,2700.0,2617.7636404037476,2600.7823169231415,2600.7384634017944,99.99831383345459,282,5,3.680275925925926,0.001851851851851852,True,228.931,0.4795799999999999,0.604627734375
distributed-w4,distributed,4,105,ablation-distributed-w4-s105-c4f016f838ce,/home/idscps/nicolas/experiment-artifacts/pipeline-ablation/formal-v11/results/distributed-w4/seed-105/ablation-distributed-w4-s105-c4f016f838ce,0.945494313965,0.945709301589,0.947001800324,0.944083333333,0.9355,8,84.31372549019608,2700.0,296,0.10962962962962963,4.1114,4505.374,3.08355,3.29983447265625,0.010417398648648648,0.011148089434649493,2700.0,run_timeout,0.908037095634389,True,243.73399999999998,True,243.73399999999998,True,262.921,False,2700.0,2619.917100429535,2602.3581709861755,2602.312316417694,99.99823796090051,275,4,3.177103703703704,0.0014814814814814814,True,262.921,0.7708875,0.8249586181640625
monolith,monolith,0,105,ablation-monolith-s105-db1be6d978ff,/home/idscps/nicolas/experiment-artifacts/pipeline-ablation/formal-v11/results/monolith/seed-105/ablation-monolith-s105-db1be6d978ff,0.945494313965,0.945709301589,0.947001800324,0.944083333333,0.9355,8,84.31372549019608,2700.0,197,0.07296296296296297,1.00415,1336.32,0.7531125000000001,0.97875,0.0038229060913705587,0.0049682741116751266,2700.0,run_timeout,0.9121970218421132,True,157.476,True,157.476,True,174.195,False,2700.0,7.8629999999999995,2619.053,0.0,0.0,182,4,3.548509629629629,0.0014814814814814814,True,174.195,0.18827812500000002,0.2446875
distributed-w1,distributed,1,106,ablation-distributed-w1-s106-0f026f2b7998,/home/idscps/nicolas/experiment-artifacts/pipeline-ablation/formal-v11/results/distributed-w1/seed-106/ablation-distributed-w1-s106-0f026f2b7998,0.94442791735,0.944834066453,0.945541370979,0.943375,0.934,12,76.47058823529412,2700.0,224,0.08296296296296296,2.2168,3941.452,1.6626,2.8868056640625,0.007422321428571429,0.012887525285993304,2700.0,run_timeout,0.8488868985759335,True,1242.087,True,1258.2649999999999,False,2700.0,False,2700.0,2621.5129981040955,2568.1846079826355,2568.1303050518036,99.99788555189284,213,0,0.0,0.0,False,2700.0,,
distributed-w2,distributed,2,106,ablation-distributed-w2-s106-f1e8af1fa6e7,/home/idscps/nicolas/experiment-artifacts/pipeline-ablation/formal-v11/results/distributed-w2/seed-106/ablation-distributed-w2-s106-f1e8af1fa6e7,0.94442791735,0.944834066453,0.945541370979,0.943375,0.934,12,76.47058823529412,2700.0,295,0.10925925925925926,3.1987,3933.352,2.399025,2.880873046875,0.00813228813559322,0.009765671345338983,2700.0,run_timeout,0.8407623466326963,True,1386.054,True,1386.054,False,2700.0,False,2700.0,2619.7541806697845,2561.4775240421295,2561.439601659775,99.99851951141484,276,0,0.0,0.0,False,2700.0,,
distributed-w4,distributed,4,106,ablation-distributed-w4-s106-bb9b81d51be3,/home/idscps/nicolas/experiment-artifacts/pipeline-ablation/formal-v11/results/distributed-w4/seed-106/ablation-distributed-w4-s106-bb9b81d51be3,0.919692854508,0.920772314287,0.924022173017,0.917041666667,0.907475,9,82.35294117647058,2700.0,215,0.07962962962962963,4.129849999999999,4691.9,3.0973874999999995,3.4364501953124993,0.01440645348837209,0.015983489280523254,2700.0,run_timeout,0.8238671571515038,True,2407.226,True,2407.226,False,2700.0,False,2700.0,2616.0422258377075,2551.987169981003,2551.9460928440094,99.9983903862262,201,0,0.0,0.0,False,2700.0,,
monolith,monolith,0,106,ablation-monolith-s106-794cd4f8ad6c,/home/idscps/nicolas/experiment-artifacts/pipeline-ablation/formal-v11/results/monolith/seed-106/ablation-monolith-s106-794cd4f8ad6c,0.94442791735,0.944834066453,0.945541370979,0.943375,0.934,12,76.47058823529412,2700.0,184,0.06814814814814815,1.0050499999999998,1359.8719999999998,0.7537874999999998,0.9959999999999999,0.004096671195652173,0.005413043478260869,2700.0,run_timeout,0.8586656714493334,True,810.206,True,833.413,False,2700.0,False,2700.0,39.732,2580.6839999999997,0.0,0.0,170,0,0.0,0.0,False,2700.0,,
distributed-w1,distributed,1,107,ablation-distributed-w1-s107-6e897d39fcc4,/home/idscps/nicolas/experiment-artifacts/pipeline-ablation/formal-v11/results/distributed-w1/seed-107/ablation-distributed-w1-s107-6e897d39fcc4,0.944519700581,0.94377950386,0.945029711013,0.944027777778,0.934025,13,74.50980392156863,2700.0,209,0.07740740740740741,2.2253999999999996,3889.686,1.6690499999999997,2.84889111328125,0.007985885167464114,0.013631057958283494,2700.0,run_timeout,0.8487640061029407,True,1432.416,True,1499.922,False,2700.0,False,2700.0,2620.313834667206,2542.3518290519714,2542.284730911255,99.99736078461093,199,0,0.0,0.0,False,2700.0,,
distributed-w2,distributed,2,107,ablation-distributed-w2-s107-d6507cb208fc,/home/idscps/nicolas/experiment-artifacts/pipeline-ablation/formal-v11/results/distributed-w2/seed-107/ablation-distributed-w2-s107-d6507cb208fc,0.947666947672,0.947909170648,0.947947735012,0.947416666667,0.937625,7,86.27450980392157,2700.0,288,0.10666666666666667,3.15685,4205.873,2.3676375,3.0804733886718747,0.008220963541666666,0.010696088155110675,2700.0,run_timeout,0.8711608814262519,True,529.425,True,529.425,True,529.425,False,2700.0,2615.7422335147858,2529.988427877426,2529.9124236106873,99.99699586504423,270,9,6.505181481481482,0.0033333333333333335,True,529.425,0.2630708333333333,0.3422748209635416
distributed-w4,distributed,4,107,ablation-distributed-w4-s107-6427cd9869a3,/home/idscps/nicolas/experiment-artifacts/pipeline-ablation/formal-v11/results/distributed-w4/seed-107/ablation-distributed-w4-s107-6427cd9869a3,0.947666947672,0.947909170648,0.947947735012,0.947416666667,0.937625,7,86.27450980392157,2700.0,257,0.09518518518518519,4.12235,4773.292,3.0917624999999997,3.4960634765625,0.012030204280155641,0.01360335983098249,2700.0,run_timeout,0.8696293104533481,True,741.824,True,741.824,True,741.824,False,2700.0,2616.4394793510437,2531.485988140106,2531.4415714740753,99.99824543109308,239,9,4.936735925925927,0.0033333333333333335,True,741.824,0.34352916666666666,0.38845149739583335
monolith,monolith,0,107,ablation-monolith-s107-111dd762746d,/home/idscps/nicolas/experiment-artifacts/pipeline-ablation/formal-v11/results/monolith/seed-107/ablation-monolith-s107-111dd762746d,0.944519700581,0.94377950386,0.945029711013,0.944027777778,0.934025,13,74.50980392156863,2700.0,179,0.0662962962962963,1.0038,1356.8000000000002,0.75285,0.9937500000000001,0.00420586592178771,0.005551675977653632,2700.0,run_timeout,0.8382095555062865,True,933.419,True,997.512,False,2700.0,False,2700.0,63.441,2569.367,0.0,0.0,165,0,0.0,0.0,False,2700.0,,
distributed-w1,distributed,1,108,ablation-distributed-w1-s108-678c0686d692,/home/idscps/nicolas/experiment-artifacts/pipeline-ablation/formal-v11/results/distributed-w1/seed-108/ablation-distributed-w1-s108-678c0686d692,0.943178828572,0.941145679406,0.944446657223,0.941986111111,0.932725,12,76.47058823529412,2700.0,233,0.0862962962962963,2.18155,3820.4480000000003,1.6361625000000002,2.7981796875000002,0.007022156652360516,0.01200935488197425,2700.0,run_timeout,0.8669538825073222,True,1262.124,True,1319.746,False,2700.0,False,2700.0,2619.548721551895,2594.382508993149,2594.3250935077667,99.99778693060168,221,0,0.0,0.0,False,2700.0,,
distributed-w2,distributed,2,108,ablation-distributed-w2-s108-9b547d2a728c,/home/idscps/nicolas/experiment-artifacts/pipeline-ablation/formal-v11/results/distributed-w2/seed-108/ablation-distributed-w2-s108-9b547d2a728c,0.945503608567,0.944165243187,0.947047860167,0.944083333333,0.9354,9,82.35294117647058,2700.0,311,0.11518518518518518,3.24115,4021.703,2.4308625000000004,2.945583251953125,0.007816278135048232,0.009471328784415194,2700.0,run_timeout,0.8720589504324076,True,1023.629,True,1023.629,False,2700.0,False,2700.0,2617.590273618698,2591.892637014389,2591.8485867977142,99.99830046136766,291,0,0.0,0.0,False,2700.0,,
distributed-w4,distributed,4,108,ablation-distributed-w4-s108-249a3a6f97c4,/home/idscps/nicolas/experiment-artifacts/pipeline-ablation/formal-v11/results/distributed-w4/seed-108/ablation-distributed-w4-s108-249a3a6f97c4,0.945503608567,0.944165243187,0.947047860167,0.944083333333,0.9354,9,82.35294117647058,2700.0,311,0.11518518518518518,4.7337,4663.763999999999,3.550275,3.415842773437499,0.011415675241157556,0.01098341727793408,2700.0,run_timeout,0.8810180161059038,True,811.41,True,811.41,False,2700.0,False,2700.0,2601.5189990997314,2590.167827129364,2575.1786391735077,99.42130437267964,284,0,0.0,0.0,False,2700.0,,
monolith,monolith,0,108,ablation-monolith-s108-0de7e9987ced,/home/idscps/nicolas/experiment-artifacts/pipeline-ablation/formal-v11/results/monolith/seed-108/ablation-monolith-s108-0de7e9987ced,0.942151327899,0.941188291354,0.945841123025,0.939402777778,0.933125,14,72.54901960784314,2700.0,190,0.07037037037037037,1.00435,1332.7359999999999,0.7532625000000001,0.9761249999999999,0.003964539473684211,0.0051375,2700.0,run_timeout,0.8714219112613091,True,844.836,True,856.57,False,2700.0,False,2700.0,14.477000000000004,2617.501,0.0,0.0,176,0,0.0,0.0,False,2700.0,,
distributed-w1,distributed,1,109,ablation-distributed-w1-s109-ded84ce279d4,/home/idscps/nicolas/experiment-artifacts/pipeline-ablation/formal-v11/results/distributed-w1/seed-109/ablation-distributed-w1-s109-ded84ce279d4,0.945855191116,0.946438644627,0.947207742369,0.944597222222,0.935725,10,80.3921568627451,2700.0,226,0.0837037037037037,2.3078000000000003,3874.005,1.7308500000000002,2.837406005859375,0.007658628318584072,0.012554893831236171,2700.0,run_timeout,0.8900347454554631,True,823.5939999999999,True,823.5939999999999,True,947.8489999999999,False,2700.0,2616.2202355861664,2586.5771248340607,2586.5281913280487,99.99810817525825,215,2,1.2285899999999998,0.0007407407407407407,True,947.849,0.8654250000000001,1.4187030029296874
distributed-w2,distributed,2,109,ablation-distributed-w2-s109-8a64c4b730de,/home/idscps/nicolas/experiment-artifacts/pipeline-ablation/formal-v11/results/distributed-w2/seed-109/ablation-distributed-w2-s109-8a64c4b730de,0.945855191116,0.946438644627,0.947207742369,0.944597222222,0.935725,10,80.3921568627451,2700.0,288,0.10666666666666667,3.1374,3902.727,2.35305,2.858442626953125,0.0081703125,0.009925148010253907,2700.0,run_timeout,0.8847959262598482,True,1064.3780000000002,True,1064.3780000000002,True,1230.606,False,2700.0,2616.840385913849,2587.8957040309906,2587.862804889679,99.99872873001564,269,2,1.0019777777777779,0.0007407407407407407,True,1230.606,1.176525,1.4292213134765626
distributed-w4,distributed,4,109,ablation-distributed-w4-s109-53e1248e3c5d,/home/idscps/nicolas/experiment-artifacts/pipeline-ablation/formal-v11/results/distributed-w4/seed-109/ablation-distributed-w4-s109-53e1248e3c5d,0.945855191116,0.946438644627,0.947207742369,0.944597222222,0.935725,10,80.3921568627451,2700.0,244,0.09037037037037036,4.7365,4320.608,3.5523750000000005,3.1645078124999997,0.014558913934426232,0.01296929431352459,2700.0,run_timeout,0.8778629512516963,True,1705.162,True,1705.162,True,2016.9990000000003,False,2700.0,2618.744351863861,2587.593729019165,2587.5456459522247,99.99814178453128,226,2,0.32537592592592596,0.0007407407407407407,True,2016.999,1.7761875000000003,1.5822539062499998
monolith,monolith,0,109,ablation-monolith-s109-2161ec2ca77d,/home/idscps/nicolas/experiment-artifacts/pipeline-ablation/formal-v11/results/monolith/seed-109/ablation-monolith-s109-2161ec2ca77d,0.945855191116,0.946438644627,0.947207742369,0.944597222222,0.935725,10,80.3921568627451,2700.0,194,0.07185185185185185,1.0034999999999998,1347.584,0.7526249999999999,0.9870000000000001,0.00387951030927835,0.005087628865979382,2700.0,run_timeout,0.8984927668658758,True,547.582,True,547.582,True,638.367,False,2700.0,16.17,2611.765,0.0,0.0,179,2,1.4749703703703705,0.0007407407407407407,True,638.366,0.37631249999999994,0.49350000000000005
distributed-w1,distributed,1,110,ablation-distributed-w1-s110-54278ddc4ddb,/home/idscps/nicolas/experiment-artifacts/pipeline-ablation/formal-v11/results/distributed-w1/seed-110/ablation-distributed-w1-s110-54278ddc4ddb,0.945296984633,0.946190238827,0.945788409262,0.944819444444,0.93485,12,76.47058823529412,2700.0,221,0.08185185185185186,2.1610500000000004,3855.0780000000004,1.6207875000000003,2.8235434570312505,0.007333880090497739,0.012776214737697966,2700.0,run_timeout,0.8695983074771518,True,1188.251,True,1188.251,True,1240.0919999999999,False,2700.0,2617.278139591217,2580.6966168880463,2580.553943634033,99.99447152163957,211,5,1.602678148148148,0.001851851851851852,True,1240.092,0.32415750000000004,0.5647086914062501
distributed-w2,distributed,2,110,ablation-distributed-w2-s110-b11f5ee39c0f,/home/idscps/nicolas/experiment-artifacts/pipeline-ablation/formal-v11/results/distributed-w2/seed-110/ablation-distributed-w2-s110-b11f5ee39c0f,0.945296984633,0.946190238827,0.945788409262,0.944819444444,0.93485,12,76.47058823529412,2700.0,294,0.10888888888888888,3.1942999999999997,3985.872,2.3957249999999997,2.91933984375,0.008148724489795917,0.009929727359693878,2700.0,run_timeout,0.8738588955917925,True,1033.1580000000001,True,1033.1580000000001,True,1729.411,False,2700.0,2617.482831478119,2567.269395828247,2567.2200112342834,99.9980763766341,276,4,0.8434133333333331,0.0014814814814814814,True,1729.411,0.5989312499999999,0.7298349609375
distributed-w4,distributed,4,110,ablation-distributed-w4-s110-3a7d7c05c9b8,/home/idscps/nicolas/experiment-artifacts/pipeline-ablation/formal-v11/results/distributed-w4/seed-110/ablation-distributed-w4-s110-3a7d7c05c9b8,0.945300933198,0.94349446274,0.950435537795,0.941944444444,0.937325,10,80.3921568627451,2700.0,283,0.10481481481481482,4.1091,4318.673999999999,3.081825,3.1630913085937493,0.010889840989399293,0.011177001090437276,2700.0,run_timeout,0.860809844028874,True,1898.11,True,1898.11,False,2700.0,False,2700.0,2604.5610003471375,2580.85991191864,2565.912301301956,99.42082828488077,264,0,0.0,0.0,False,2700.0,,
monolith,monolith,0,110,ablation-monolith-s110-2bd9dde8a560,/home/idscps/nicolas/experiment-artifacts/pipeline-ablation/formal-v11/results/monolith/seed-110/ablation-monolith-s110-2bd9dde8a560,0.945296984633,0.946190238827,0.945788409262,0.944819444444,0.93485,12,76.47058823529412,2700.0,172,0.0637037037037037,1.0034,1318.4,0.75255,0.9656250000000002,0.004375290697674419,0.005614098837209303,2700.0,run_timeout,0.8574958662625393,True,796.373,True,796.373,True,846.689,False,2700.0,30.718000000000004,2597.767,0.0,0.0,158,5,2.6471274074074076,0.001851851851851852,True,846.689,0.15051,0.19312500000000005
distributed-w1,distributed,1,111,ablation-distributed-w1-s111-1caf6f67629c,/home/idscps/nicolas/experiment-artifacts/pipeline-ablation/formal-v11/results/distributed-w1/seed-111/ablation-distributed-w1-s111-1caf6f67629c,0.943536628617,0.944833710105,0.944750842107,0.942402777778,0.932875,13,74.50980392156863,2700.0,247,0.09148148148148148,2.1518,3873.8319999999994,1.6138500000000002,2.837279296875,0.0065338056680161955,0.011486960716093116,2700.0,run_timeout,0.8796901096872148,True,993.3990000000001,True,1025.232,False,2700.0,False,2700.0,2619.797910451889,2578.895411968231,2578.8324596881866,99.99755894404433,236,0,0.0,0.0,False,2700.0,,
distributed-w2,distributed,2,111,ablation-distributed-w2-s111-edf6484125c3,/home/idscps/nicolas/experiment-artifacts/pipeline-ablation/formal-v11/results/distributed-w2/seed-111/ablation-distributed-w2-s111-edf6484125c3,0.948014807323,0.947657314838,0.948278134924,0.947777777778,0.93805,9,82.35294117647058,2700.0,317,0.1174074074074074,3.14975,4037.096,2.3623125000000003,2.9568574218749997,0.007452089905362777,0.009327625936514195,2700.0,run_timeout,0.8996176421568147,True,416.09999999999997,True,615.2779999999999,True,615.2779999999999,False,2700.0,2580.837998867035,2584.2833139896393,2548.498739719391,98.61529987534517,297,9,5.0975922222222225,0.0033333333333333335,True,615.278,0.2624791666666667,0.3285397135416666
distributed-w4,distributed,4,111,ablation-distributed-w4-s111-689ac0994309,/home/idscps/nicolas/experiment-artifacts/pipeline-ablation/formal-v11/results/distributed-w4/seed-111/ablation-distributed-w4-s111-689ac0994309,0.948014807323,0.947657314838,0.948278134924,0.947777777778,0.93805,9,82.35294117647058,2700.0,343,0.12703703703703703,4.1391,4850.256,3.104325,3.5524335937500005,0.009050510204081631,0.010356949252915453,2700.0,run_timeout,0.8947995964642962,True,677.92,True,879.767,True,1090.433,False,2700.0,2618.937525510788,2585.850412130356,2585.8035316467285,99.99818703806658,318,7,2.795744814814815,0.0025925925925925925,True,1090.433,0.44347499999999995,0.5074905133928572
monolith,monolith,0,111,ablation-monolith-s111-d2a5949ad9c1,/home/idscps/nicolas/experiment-artifacts/pipeline-ablation/formal-v11/results/monolith/seed-111/ablation-monolith-s111-d2a5949ad9c1,0.943536628617,0.944833710105,0.944750842107,0.942402777778,0.932875,13,74.50980392156863,2700.0,201,0.07444444444444444,1.0034,1342.976,0.75255,0.9836250000000001,0.003744029850746269,0.004893656716417911,2700.0,run_timeout,0.8835449879902532,True,661.628,True,702.024,False,2700.0,False,2700.0,25.567000000000007,2593.13,0.0,0.0,186,0,0.0,0.0,False,2700.0,,
distributed-w1,distributed,1,112,ablation-distributed-w1-s112-98c092849cdf,/home/idscps/nicolas/experiment-artifacts/pipeline-ablation/formal-v11/results/distributed-w1/seed-112/ablation-distributed-w1-s112-98c092849cdf,0.944047657239,0.943241938379,0.945858691243,0.942388888889,0.9339,12,76.47058823529412,2700.0,239,0.08851851851851852,2.14255,3963.3250000000003,1.6069125,2.902825927734375,0.006723483263598326,0.012145715178804917,2700.0,run_timeout,0.8629396465502778,True,1180.501,True,1180.501,False,2700.0,False,2700.0,2618.5155861377716,2572.3766071796417,2572.328554391861,99.99813196918186,227,0,0.0,0.0,False,2700.0,,
distributed-w2,distributed,2,112,ablation-distributed-w2-s112-3cd46ebc99f1,/home/idscps/nicolas/experiment-artifacts/pipeline-ablation/formal-v11/results/distributed-w2/seed-112/ablation-distributed-w2-s112-3cd46ebc99f1,0.945363224433,0.945429827546,0.946572584795,0.944236111111,0.935225,12,76.47058823529412,2700.0,300,0.1111111111111111,3.1227,3995.574,2.342025,2.9264458007812504,0.00780675,0.009754819335937501,2700.0,run_timeout,0.8574767918217222,True,1528.8010000000002,True,1528.8010000000002,True,2032.6270000000002,False,2700.0,2615.8683428764343,2583.702287912369,2583.665165901184,99.99856322412383,281,2,0.37603629629629637,0.0007407407407407407,True,2032.627,1.1710125,1.4632229003906252
distributed-w4,distributed,4,112,ablation-distributed-w4-s112-d9623d5f0f9c,/home/idscps/nicolas/experiment-artifacts/pipeline-ablation/formal-v11/results/distributed-w4/seed-112/ablation-distributed-w4-s112-d9623d5f0f9c,0.945490559992,0.944525898663,0.945566842162,0.945527777778,0.935425,7,86.27450980392157,2700.0,308,0.11407407407407408,4.0943,4520.152,3.0707249999999995,3.310658203125,0.009969886363636361,0.010748890269886364,2700.0,run_timeout,0.8476288990946668,True,1348.4520000000002,True,1348.4520000000002,False,2700.0,False,2700.0,2603.1249997615814,2578.266611814499,2560.7657749652863,99.32121694595051,285,0,0.0,0.0,False,2700.0,,
monolith,monolith,0,112,ablation-monolith-s112-c3b76a2bc3fe,/home/idscps/nicolas/experiment-artifacts/pipeline-ablation/formal-v11/results/monolith/seed-112/ablation-monolith-s112-c3b76a2bc3fe,0.944047657239,0.943241938379,0.945858691243,0.942388888889,0.9339,12,76.47058823529412,2700.0,210,0.07777777777777778,1.0034,1297.408,0.75255,0.9502499999999999,0.003583571428571429,0.0045249999999999995,2700.0,run_timeout,0.8847882128394393,True,758.776,True,758.776,False,2700.0,False,2700.0,24.879999999999995,2599.686,0.0,0.0,195,0,0.0,0.0,False,2700.0,,
distributed-w1,distributed,1,113,ablation-distributed-w1-s113-1ef0bb761c9b,/home/idscps/nicolas/experiment-artifacts/pipeline-ablation/formal-v11/results/distributed-w1/seed-113/ablation-distributed-w1-s113-1ef0bb761c9b,0.945694539884,0.944479126112,0.951421253087,0.942083333333,0.938175,10,80.3921568627451,2700.0,235,0.08703703703703704,2.3362000000000003,3966.5199999999995,1.75215,2.9051660156249994,0.007455957446808511,0.012362408577127657,2700.0,run_timeout,0.9037690209774482,True,471.627,True,534.515,False,2700.0,False,2700.0,2621.1410298347473,2604.5737249851227,2604.5181868076324,99.99786766729014,224,0,0.0,0.0,False,2700.0,,
distributed-w2,distributed,2,113,ablation-distributed-w2-s113-5d35a8099696,/home/idscps/nicolas/experiment-artifacts/pipeline-ablation/formal-v11/results/distributed-w2/seed-113/ablation-distributed-w2-s113-5d35a8099696,0.945694539884,0.944479126112,0.951421253087,0.942083333333,0.938175,10,80.3921568627451,2700.0,312,0.11555555555555555,3.154,4002.252,2.3655,2.9313369140625003,0.007581730769230769,0.009395310621995194,2700.0,run_timeout,0.9018773732267408,True,546.975,True,619.515,False,2700.0,False,2700.0,2619.493900537491,2603.171982049942,2603.131009578705,99.99842605592255,284,0,0.0,0.0,False,2700.0,,
distributed-w4,distributed,4,113,ablation-distributed-w4-s113-3c331b6f1b48,/home/idscps/nicolas/experiment-artifacts/pipeline-ablation/formal-v11/results/distributed-w4/seed-113/ablation-distributed-w4-s113-3c331b6f1b48,0.946097731378,0.945600669481,0.947640546073,0.944666666667,0.936025,7,86.27450980392157,2700.0,347,0.12851851851851853,4.1046499999999995,4797.88,3.0784874999999996,3.514072265625,0.00887172190201729,0.010127009411023055,2700.0,run_timeout,0.8972026617666888,True,783.773,True,930.7120000000001,True,1025.3049999999998,False,2700.0,2616.0409796237946,2600.995679140091,2600.9539227485657,99.99839459973501,315,3,1.1159514814814815,0.0011111111111111111,True,1025.305,1.0261624999999999,1.171357421875
monolith,monolith,0,113,ablation-monolith-s113-106c842e19f7,/home/idscps/nicolas/experiment-artifacts/pipeline-ablation/formal-v11/results/monolith/seed-113/ablation-monolith-s113-106c842e19f7,0.945742025695,0.944488908186,0.951186912685,0.942263888889,0.938125,12,76.47058823529412,2700.0,195,0.07222222222222222,1.0039500000000001,1316.3519999999999,0.7529625000000001,0.9641249999999999,0.0038613461538461544,0.0049442307692307685,2700.0,run_timeout,0.9082848258578939,True,325.016,True,359.123,False,2700.0,False,2700.0,7.089999999999989,2614.2679999999996,0.0,0.0,180,0,0.0,0.0,False,2700.0,,
distributed-w1,distributed,1,114,ablation-distributed-w1-s114-03c5021e86da,/home/idscps/nicolas/experiment-artifacts/pipeline-ablation/formal-v11/results/distributed-w1/seed-114/ablation-distributed-w1-s114-03c5021e86da,0.945348031949,0.944379371255,0.946607918845,0.944166666667,0.934975,10,80.3921568627451,2700.0,218,0.08074074074074074,2.1510000000000002,4004.8720000000003,1.6132500000000003,2.933255859375,0.0074002293577981665,0.013455302107224771,2700.0,run_timeout,0.8624450780232111,True,1176.634,True,1176.634,False,2700.0,False,2700.0,2617.535643339157,2562.903907060623,2562.8517014980316,99.99796303082422,208,0,0.0,0.0,False,2700.0,,
distributed-w2,distributed,2,114,ablation-distributed-w2-s114-229eee577e93,/home/idscps/nicolas/experiment-artifacts/pipeline-ablation/formal-v11/results/distributed-w2/seed-114/ablation-distributed-w2-s114-229eee577e93,0.945348031949,0.944379371255,0.946607918845,0.944166666667,0.934975,10,80.3921568627451,2700.0,279,0.10333333333333333,3.1467,3988.5960000000005,2.3600250000000003,2.9213349609375,0.008458870967741937,0.010470734627016129,2700.0,run_timeout,0.8582777240982075,True,1492.87,True,1492.87,False,2700.0,False,2700.0,2620.311145544052,2557.9814732074738,2557.938272714615,99.99831114911068,262,0,0.0,0.0,False,2700.0,,
distributed-w4,distributed,4,114,ablation-distributed-w4-s114-c4fca175c226,/home/idscps/nicolas/experiment-artifacts/pipeline-ablation/formal-v11/results/distributed-w4/seed-114/ablation-distributed-w4-s114-c4fca175c226,0.919003886019,0.921270834105,0.924422180374,0.915458333333,0.907575,9,82.35294117647058,2700.0,240,0.08888888888888889,4.6473,4514.388,3.485475,3.3064365234374997,0.014522812500000001,0.013776818847656249,2700.0,run_timeout,0.8348156605507111,True,2687.076,True,2687.076,False,2700.0,False,2700.0,2617.9896569252014,2559.5090169906616,2559.4614808559418,99.99814276353769,222,0,0.0,0.0,False,2700.0,,
monolith,monolith,0,114,ablation-monolith-s114-7b82361c92f3,/home/idscps/nicolas/experiment-artifacts/pipeline-ablation/formal-v11/results/monolith/seed-114/ablation-monolith-s114-7b82361c92f3,0.945348031949,0.944379371255,0.946607918845,0.944166666667,0.934975,10,80.3921568627451,2700.0,180,0.06666666666666667,1.0034,1325.056,0.75255,0.9705,0.004180833333333333,0.005391666666666667,2700.0,run_timeout,0.8549778082916026,True,761.233,True,761.233,False,2700.0,False,2700.0,38.96600000000001,2595.496,0.0,0.0,166,0,0.0,0.0,False,2700.0,,
distributed-w1,distributed,1,115,ablation-distributed-w1-s115-6bb64a601934,/home/idscps/nicolas/experiment-artifacts/pipeline-ablation/formal-v11/results/distributed-w1/seed-115/ablation-distributed-w1-s115-6bb64a601934,0.946646003555,0.946754039171,0.947804811039,0.945555555556,0.9368,11,78.43137254901961,2700.0,239,0.08851851851851852,2.1797000000000004,3886.252,1.6347750000000003,2.8463759765625003,0.006840062761506277,0.011909522914487448,2700.0,run_timeout,0.9018485967296073,True,350.621,True,350.621,True,442.623,False,2700.0,2617.3568835258484,2593.2806079387665,2593.2244243621826,99.99783349413049,228,8,4.148708888888889,0.002962962962962963,True,442.623,0.20434687500000004,0.35579699707031254
distributed-w2,distributed,2,115,ablation-distributed-w2-s115-f4074b2a721a,/home/idscps/nicolas/experiment-artifacts/pipeline-ablation/formal-v11/results/distributed-w2/seed-115/ablation-distributed-w2-s115-f4074b2a721a,0.946646003555,0.946754039171,0.947804811039,0.945555555556,0.9368,11,78.43137254901961,2700.0,335,0.12407407407407407,3.1435000000000004,4098.1089999999995,2.357625,3.001544677734375,0.007037686567164179,0.008959834858908581,2700.0,run_timeout,0.9014308556822518,True,402.93499999999995,True,402.93499999999995,True,520.207,False,2700.0,2619.5034472942352,2596.9633350372314,2596.8641242980957,99.99617974047622,314,8,3.350893703703704,0.002962962962962963,True,520.207,0.294703125,0.37519308471679685
distributed-w4,distributed,4,115,ablation-distributed-w4-s115-10aba503310d,/home/idscps/nicolas/experiment-artifacts/pipeline-ablation/formal-v11/results/distributed-w4/seed-115/ablation-distributed-w4-s115-10aba503310d,0.946646003555,0.946754039171,0.947804811039,0.945555555556,0.9368,11,78.43137254901961,2700.0,364,0.1348148148148148,4.470400000000001,4697.676,3.3528000000000007,3.4406806640625005,0.009210989010989013,0.009452419406765111,2700.0,run_timeout,0.8978100001485777,True,439.09299999999996,True,439.09299999999996,True,654.674,False,2700.0,2614.919419527054,2590.186269044876,2590.1344225406647,99.99799834842648,338,3,1.0661907407407407,0.0011111111111111111,True,654.674,1.1176000000000001,1.1468935546875
monolith,monolith,0,115,ablation-monolith-s115-29987e123bb4,/home/idscps/nicolas/experiment-artifacts/pipeline-ablation/formal-v11/results/monolith/seed-115/ablation-monolith-s115-29987e123bb4,0.946646003555,0.946754039171,0.947804811039,0.945555555556,0.9368,11,78.43137254901961,2700.0,188,0.06962962962962962,1.0039,1351.68,0.7529250000000001,0.99,0.004004920212765958,0.00526595744680851,2700.0,run_timeout,0.9071989094966042,True,268.053,True,268.053,True,334.797,False,2700.0,12.629000000000005,2616.4139999999998,0.0,0.0,174,8,5.154872592592592,0.002962962962962963,True,334.797,0.09411562500000001,0.12375
distributed-w1,distributed,1,116,ablation-distributed-w1-s116-2e255f23379a,/home/idscps/nicolas/experiment-artifacts/pipeline-ablation/formal-v11/results/distributed-w1/seed-116/ablation-distributed-w1-s116-2e255f23379a,0.944467059787,0.943881193804,0.945111174767,0.943847222222,0.9339,12,76.47058823529412,2700.0,196,0.0725925925925926,2.19025,3761.71,1.6426874999999999,2.75515869140625,0.008381058673469386,0.014056932099011479,2700.0,run_timeout,0.8506398926597702,True,1889.5739999999998,True,1889.5739999999998,False,2700.0,False,2700.0,2619.895609855652,2565.392241001129,2565.3409230709076,99.99799960686707,187,0,0.0,0.0,False,2700.0,,
distributed-w2,distributed,2,116,ablation-distributed-w2-s116-db8f36a7a58e,/home/idscps/nicolas/experiment-artifacts/pipeline-ablation/formal-v11/results/distributed-w2/seed-116/ablation-distributed-w2-s116-db8f36a7a58e,0.945176041989,0.944457069118,0.946371167361,0.944055555556,0.9347,11,78.43137254901961,2700.0,226,0.0837037037037037,3.14755,3755.218,2.3606625,2.75040380859375,0.010445409292035399,0.012169928356609514,2700.0,run_timeout,0.8538138338698147,True,1979.2610000000002,True,1979.2610000000002,False,2700.0,False,2700.0,2619.938175201416,2571.393667936325,2571.3492703437805,99.9982734035205,212,0,0.0,0.0,False,2700.0,,
distributed-w4,distributed,4,116,ablation-distributed-w4-s116-067b23695dc1,/home/idscps/nicolas/experiment-artifacts/pipeline-ablation/formal-v11/results/distributed-w4/seed-116/ablation-distributed-w4-s116-067b23695dc1,0.912948010153,0.913210941781,0.92016203356,0.908208333333,0.901525,9,82.35294117647058,2700.0,239,0.08851851851851852,4.5657499999999995,4441.264000000001,3.4243125,3.2528789062500008,0.014327667364016737,0.013610371992677827,2700.0,run_timeout,0.8565696683467445,True,2410.904,True,2410.904,False,2700.0,False,2700.0,2619.9912090301514,2565.5659580230713,2565.522635936737,99.99831140235554,223,0,0.0,0.0,False,2700.0,,
monolith,monolith,0,116,ablation-monolith-s116-ae94fadb838f,/home/idscps/nicolas/experiment-artifacts/pipeline-ablation/formal-v11/results/monolith/seed-116/ablation-monolith-s116-ae94fadb838f,0.944467059787,0.943881193804,0.945111174767,0.943847222222,0.9339,12,76.47058823529412,2700.0,167,0.06185185185185185,1.004,1330.176,0.753,0.97425,0.004508982035928144,0.005833832335329341,2700.0,run_timeout,0.836154425018418,True,1216.232,True,1216.232,False,2700.0,False,2700.0,37.11,2587.415,0.0,0.0,154,0,0.0,0.0,False,2700.0,,
distributed-w1,distributed,1,117,ablation-distributed-w1-s117-f53e2bbbce6e,/home/idscps/nicolas/experiment-artifacts/pipeline-ablation/formal-v11/results/distributed-w1/seed-117/ablation-distributed-w1-s117-f53e2bbbce6e,0.945832566482,0.946170801789,0.946451587908,0.945236111111,0.935775,13,74.50980392156863,2700.0,224,0.08296296296296296,2.1471999999999998,3825.849,1.6103999999999998,2.802135498046875,0.007189285714285713,0.01250953347342355,2700.0,run_timeout,0.8792895783578555,True,1279.277,True,1416.8509999999999,True,1416.8509999999999,False,2700.0,2620.42560005188,2591.3841128349304,2591.3293120861053,99.99788527109688,213,3,1.3005455555555556,0.0011111111111111111,True,1416.851,0.5367999999999999,0.934045166015625
distributed-w2,distributed,2,117,ablation-distributed-w2-s117-4c694ea7b954,/home/idscps/nicolas/experiment-artifacts/pipeline-ablation/formal-v11/results/distributed-w2/seed-117/ablation-distributed-w2-s117-4c694ea7b954,0.945832566482,0.946170801789,0.946451587908,0.945236111111,0.935775,13,74.50980392156863,2700.0,288,0.10666666666666667,3.17925,3845.218,2.3844375,2.81632177734375,0.008279296875000001,0.009778895060221355,2700.0,run_timeout,0.872686881649911,True,1802.6299999999999,True,1966.8880000000001,True,1966.8880000000001,False,2700.0,2618.5834443569183,2594.8060400485992,2594.7680583000183,99.99853623939536,270,3,0.6682466666666667,0.0011111111111111111,True,1966.888,0.7948125,0.9387739257812501
distributed-w4,distributed,4,117,ablation-distributed-w4-s117-d14be8107d2f,/home/idscps/nicolas/experiment-artifacts/pipeline-ablation/formal-v11/results/distributed-w4/seed-117/ablation-distributed-w4-s117-d14be8107d2f,0.946534062331,0.946690999787,0.94771203752,0.945430555556,0.93665,10,80.3921568627451,2700.0,329,0.12185185185185185,4.1559,4569.572,3.116925,3.3468544921875,0.009473936170212766,0.010172810006648936,2700.0,run_timeout,0.8877795168921481,True,791.633,True,791.633,True,946.2919999999999,False,2700.0,2615.163493156433,2588.464942932129,2588.424238920212,99.99842748452019,304,5,1.796142962962963,0.001851851851851852,True,946.292,0.6233850000000001,0.6693708984375
monolith,monolith,0,117,ablation-monolith-s117-b63587d58ccc,/home/idscps/nicolas/experiment-artifacts/pipeline-ablation/formal-v11/results/monolith/seed-117/ablation-monolith-s117-b63587d58ccc,0.945832566482,0.946170801789,0.946451587908,0.945236111111,0.935775,13,74.50980392156863,2700.0,191,0.07074074074074074,1.0037,1317.888,0.7527750000000001,0.9652499999999999,0.003941230366492147,0.005053664921465968,2700.0,run_timeout,0.893726623601865,True,864.327,True,958.243,True,958.243,False,2700.0,13.674999999999997,2612.626,0.0,0.0,176,3,1.849707037037037,0.0011111111111111111,True,958.243,0.250925,0.32175
distributed-w1,distributed,1,118,ablation-distributed-w1-s118-a9cd821289e0,/home/idscps/nicolas/experiment-artifacts/pipeline-ablation/formal-v11/results/distributed-w1/seed-118/ablation-distributed-w1-s118-a9cd821289e0,0.943359044691,0.943226343463,0.944961153043,0.941888888889,0.933275,12,76.47058823529412,2700.0,230,0.08518518518518518,2.24775,3744.6440000000002,1.6858125000000002,2.7426591796875,0.007329619565217392,0.011924605129076088,2700.0,run_timeout,0.8757266415081962,True,1212.314,True,1212.314,False,2700.0,False,2700.0,2615.8897585868835,2590.482269048691,2590.4097905158997,99.99720212202735,219,0,0.0,0.0,False,2700.0,,
distributed-w2,distributed,2,118,ablation-distributed-w2-s118-87a6942d5f72,/home/idscps/nicolas/experiment-artifacts/pipeline-ablation/formal-v11/results/distributed-w2/seed-118/ablation-distributed-w2-s118-87a6942d5f72,0.943359044691,0.943226343463,0.944961153043,0.941888888889,0.933275,12,76.47058823529412,2700.0,304,0.11259259259259259,3.11785,4021.058,2.3383875,2.9451108398437498,0.0076920641447368425,0.009687864604749177,2700.0,run_timeout,0.8750785476922001,True,1612.52,True,1612.52,False,2700.0,False,2700.0,2619.7726690769196,2599.901454925537,2599.857621192932,99.9983140233057,284,0,0.0,0.0,False,2700.0,,
distributed-w4,distributed,4,118,ablation-distributed-w4-s118-98635f9c2ab9,/home/idscps/nicolas/experiment-artifacts/pipeline-ablation/formal-v11/results/distributed-w4/seed-118/ablation-distributed-w4-s118-98635f9c2ab9,0.919948386832,0.91941372377,0.927181989335,0.915180555556,0.91005,9,82.35294117647058,2700.0,302,0.11185185185185186,4.60915,4195.817999999999,3.4568624999999993,3.0731088867187495,0.01144656456953642,0.010175857240790561,2700.0,run_timeout,0.8553328990003074,False,2700.0,False,2700.0,False,2700.0,False,2700.0,2616.50066280365,2595.5864729881287,2595.542420864105,99.99830280653401,280,0,0.0,0.0,False,2700.0,,
monolith,monolith,0,118,ablation-monolith-s118-cb12a3d529ca,/home/idscps/nicolas/experiment-artifacts/pipeline-ablation/formal-v11/results/monolith/seed-118/ablation-monolith-s118-cb12a3d529ca,0.943359044691,0.943226343463,0.944961153043,0.941888888889,0.933275,12,76.47058823529412,2700.0,194,0.07185185185185185,1.0036,1334.272,0.7527,0.97725,0.003879896907216495,0.005037371134020618,2700.0,run_timeout,0.8907650270050851,True,782.81,True,782.81,False,2700.0,False,2700.0,12.963999999999999,2623.382,0.0,0.0,179,0,0.0,0.0,False,2700.0,,
distributed-w1,distributed,1,119,ablation-distributed-w1-s119-1611d092aa7e,/home/idscps/nicolas/experiment-artifacts/pipeline-ablation/formal-v11/results/distributed-w1/seed-119/ablation-distributed-w1-s119-1611d092aa7e,0.945583882492,0.945168765362,0.946986244325,0.944291666667,0.9353,10,80.3921568627451,2700.0,252,0.09333333333333334,2.2573999999999996,3776.4269999999997,1.6930499999999997,2.7659377441406248,0.00671845238095238,0.010975943429129463,2700.0,run_timeout,0.8896828964865188,True,736.1859999999999,True,736.1859999999999,True,801.553,False,2700.0,2617.0344936847687,2590.0876779556274,2590.0325207710266,99.99787045106348,240,1,0.7031285185185185,0.00037037037037037035,True,801.553,1.6930499999999997,2.7659377441406248
distributed-w2,distributed,2,119,ablation-distributed-w2-s119-5b727b8943db,/home/idscps/nicolas/experiment-artifacts/pipeline-ablation/formal-v11/results/distributed-w2/seed-119/ablation-distributed-w2-s119-5b727b8943db,0.945583882492,0.945168765362,0.946986244325,0.944291666667,0.9353,10,80.3921568627451,2700.0,301,0.11148148148148149,3.2607999999999993,4059.856,2.4455999999999993,2.9735273437500003,0.008124916943521592,0.009878828384551496,2700.0,run_timeout,0.8859837435470743,True,915.775,True,915.775,True,997.9319999999999,False,2700.0,2594.8919999599457,2594.0602719783783,2572.7539439201355,99.17864945975239,282,1,0.6303955555555556,0.00037037037037037035,True,997.932,2.4455999999999993,2.9735273437500003
distributed-w4,distributed,4,119,ablation-distributed-w4-s119-e77ceadce00d,/home/idscps/nicolas/experiment-artifacts/pipeline-ablation/formal-v11/results/distributed-w4/seed-119/ablation-distributed-w4-s119-e77ceadce00d,0.945640754232,0.945378871622,0.94746089354,0.943972222222,0.935475,7,86.27450980392157,2700.0,287,0.10629629629629629,4.15895,4635.57,3.1192124999999997,3.39519287109375,0.010868336236933797,0.011829940317399826,2700.0,run_timeout,0.8852556858632888,True,616.755,True,616.755,True,744.102,False,2700.0,2615.652248620987,2588.819269180298,2588.774679660797,99.99827761172703,266,4,1.6513125925925924,0.0014814814814814814,True,744.102,0.7798031249999999,0.8487982177734374
monolith,monolith,0,119,ablation-monolith-s119-e3961fa56504,/home/idscps/nicolas/experiment-artifacts/pipeline-ablation/formal-v11/results/monolith/seed-119/ablation-monolith-s119-e3961fa56504,0.945583882492,0.945168765362,0.946986244325,0.944291666667,0.9353,10,80.3921568627451,2700.0,215,0.07962962962962963,1.0042499999999999,1326.592,0.7531874999999999,0.9716250000000001,0.0035031976744186043,0.0045191860465116284,2700.0,run_timeout,0.9006908947759201,True,490.377,True,490.377,True,509.253,False,2700.0,13.811000000000007,2619.779,0.0,0.0,199,1,0.8113881481481482,0.00037037037037037035,True,509.252,0.7531874999999999,0.9716250000000001
distributed-w1,distributed,1,120,ablation-distributed-w1-s120-969bc152d394,/home/idscps/nicolas/experiment-artifacts/pipeline-ablation/formal-v11/results/distributed-w1/seed-120/ablation-distributed-w1-s120-969bc152d394,0.941857690732,0.941791617606,0.942795708939,0.941,0.93085,15,70.58823529411765,2700.0,237,0.08777777777777777,2.207,3797.6040000000003,1.6552499999999999,2.7814482421875004,0.006984177215189873,0.01173606853243671,2700.0,run_timeout,0.8801144129709852,True,1025.627,True,1149.903,False,2700.0,False,2700.0,2619.9251964092255,2595.8876690864563,2595.834668636322,99.99795829184886,226,0,0.0,0.0,False,2700.0,,
distributed-w2,distributed,2,120,ablation-distributed-w2-s120-68c3e88378b0,/home/idscps/nicolas/experiment-artifacts/pipeline-ablation/formal-v11/results/distributed-w2/seed-120/ablation-distributed-w2-s120-68c3e88378b0,0.943899847769,0.941841448561,0.948349168097,0.940791666667,0.9357,13,74.50980392156863,2700.0,293,0.10851851851851851,3.1335,3954.8999999999996,2.3501250000000002,2.8966552734374993,0.00802090443686007,0.009886195472482933,2700.0,run_timeout,0.8692645216541407,True,1356.4170000000001,True,1517.1550000000002,False,2700.0,False,2700.0,2619.9206273555756,2591.00159907341,2590.9609224796295,99.99843008225872,274,0,0.0,0.0,False,2700.0,,
distributed-w4,distributed,4,120,ablation-distributed-w4-s120-ba9e060d56ae,/home/idscps/nicolas/experiment-artifacts/pipeline-ablation/formal-v11/results/distributed-w4/seed-120/ablation-distributed-w4-s120-ba9e060d56ae,0.91889636362,0.918106717168,0.925185138847,0.91475,0.9077,9,82.35294117647058,2700.0,282,0.10444444444444445,4.138300000000001,4488.204,3.103725000000001,3.2872587890625,0.0110061170212766,0.011656946060505319,2700.0,run_timeout,0.8471986636872593,True,2512.633,False,2700.0,False,2700.0,False,2700.0,2614.2716286182404,2588.7656519412994,2588.722939491272,99.99835008433477,261,0,0.0,0.0,False,2700.0,,
monolith,monolith,0,120,ablation-monolith-s120-1a1abc0035b3,/home/idscps/nicolas/experiment-artifacts/pipeline-ablation/formal-v11/results/monolith/seed-120/ablation-monolith-s120-1a1abc0035b3,0.941857690732,0.941791617606,0.942795708939,0.941,0.93085,15,70.58823529411764,2700.0,196,0.0725925925925926,1.0039500000000001,1336.8319999999999,0.7529625000000001,0.979125,0.0038416454081632656,0.0049955357142857145,2700.0,run_timeout,0.8920225939980515,True,659.054,True,747.707,False,2700.0,False,2700.0,16.024,2615.5890000000004,0.0,0.0,181,0,0.0,0.0,False,2700.0,,
distributed-w1,distributed,1,121,ablation-distributed-w1-s121-c4b801cf36dc,/home/idscps/nicolas/experiment-artifacts/pipeline-ablation/formal-v11/results/distributed-w1/seed-121/ablation-distributed-w1-s121-c4b801cf36dc,0.942321700653,0.940898079386,0.947181669623,0.938916666667,0.933875,15,70.58823529411765,2700.0,257,0.09518518518518519,2.2509500000000005,4121.056,1.6882125000000003,3.0183515625,0.006568920233463036,0.011744558608949416,2700.0,run_timeout,0.885125465319174,True,1286.904,True,1590.076,False,2700.0,False,2700.0,2617.0639777183533,2586.4689168930054,2586.420478582382,99.99812724172686,245,0,0.0,0.0,False,2700.0,,
distributed-w2,distributed,2,121,ablation-distributed-w2-s121-953eff3c0848,/home/idscps/nicolas/experiment-artifacts/pipeline-ablation/formal-v11/results/distributed-w2/seed-121/ablation-distributed-w2-s121-953eff3c0848,0.942611935818,0.94448764091,0.943591408135,0.941694444444,0.9319,12,76.47058823529412,2700.0,340,0.1259259259259259,3.1815999999999995,3801.23,2.386199999999999,2.78410400390625,0.007018235294117645,0.00818854118795956,2700.0,run_timeout,0.8935262107478519,True,829.629,True,844.732,False,2700.0,False,2700.0,2610.3430004119873,2592.0894060134888,2582.1628124713898,99.61704277950174,319,0,0.0,0.0,False,2700.0,,
distributed-w4,distributed,4,121,ablation-distributed-w4-s121-512219fa9469,/home/idscps/nicolas/experiment-artifacts/pipeline-ablation/formal-v11/results/distributed-w4/seed-121/ablation-distributed-w4-s121-512219fa9469,0.943379489654,0.944107164747,0.944753488071,0.942111111111,0.932825,10,80.3921568627451,2700.0,331,0.12259259259259259,4.1272,4337.713,3.0954,3.177035888671875,0.00935166163141994,0.009598295736168806,2700.0,run_timeout,0.8836478995210778,True,1505.146,True,1545.408,True,2691.398,False,2700.0,2620.770753622055,2592.254000902176,2592.2097985744476,99.99829483037878,306,1,0.0031859259259258746,0.00037037037037037035,True,2691.398,3.0954,3.177035888671875
monolith,monolith,0,121,ablation-monolith-s121-adbc6b7a8635,/home/idscps/nicolas/experiment-artifacts/pipeline-ablation/formal-v11/results/monolith/seed-121/ablation-monolith-s121-adbc6b7a8635,0.942321700653,0.940898079386,0.947181669623,0.938916666667,0.933875,15,70.58823529411764,2700.0,216,0.08,1.0053,1307.136,0.7539750000000001,0.957375,0.0034906250000000002,0.004432291666666667,2700.0,run_timeout,0.891953224642948,True,860.616,True,1075.449,False,2700.0,False,2700.0,20.271,2600.016,0.0,0.0,200,0,0.0,0.0,False,2700.0,,
distributed-w1,distributed,1,122,ablation-distributed-w1-s122-4fe967ab047d,/home/idscps/nicolas/experiment-artifacts/pipeline-ablation/formal-v11/results/distributed-w1/seed-122/ablation-distributed-w1-s122-4fe967ab047d,0.943747840861,0.943630968682,0.944899053821,0.942708333333,0.932775,12,76.47058823529412,2700.0,261,0.09666666666666666,2.4283,4046.9309999999996,1.8212250000000003,2.964060791015625,0.006977873563218392,0.011356554754849138,2700.0,run_timeout,0.8936833690748628,True,775.806,True,775.806,False,2700.0,False,2700.0,2620.990259885788,2602.286063194275,2602.2249648571014,99.99765212833294,249,0,0.0,0.0,False,2700.0,,
distributed-w2,distributed,2,122,ablation-distributed-w2-s122-cf391ea9bd46,/home/idscps/nicolas/experiment-artifacts/pipeline-ablation/formal-v11/results/distributed-w2/seed-122/ablation-distributed-w2-s122-cf391ea9bd46,0.943747840861,0.943630968682,0.944899053821,0.942708333333,0.932775,12,76.47058823529412,2700.0,327,0.12111111111111111,3.1355,3987.084,2.3516250000000003,2.9202275390624997,0.0071915137614678906,0.008930359446674311,2700.0,run_timeout,0.8863555161158629,True,1008.4039999999999,True,1008.4039999999999,False,2700.0,False,2700.0,2616.6300961971283,2597.4650440216064,2597.4190962314606,99.99823105260833,307,0,0.0,0.0,False,2700.0,,
distributed-w4,distributed,4,122,ablation-distributed-w4-s122-a8383436a4de,/home/idscps/nicolas/experiment-artifacts/pipeline-ablation/formal-v11/results/distributed-w4/seed-122/ablation-distributed-w4-s122-a8383436a4de,0.943747840861,0.943630968682,0.944899053821,0.942708333333,0.932775,12,76.47058823529412,2700.0,304,0.11259259259259259,4.0874500000000005,4255.938,3.0655875000000004,3.11714208984375,0.010084169407894738,0.01025375687448602,2700.0,run_timeout,0.8796855732339001,True,1627.012,True,1627.012,False,2700.0,False,2700.0,2620.133749961853,2594.7765760421753,2594.7367470264435,99.9984650310127,281,0,0.0,0.0,False,2700.0,,
monolith,monolith,0,122,ablation-monolith-s122-a9250e37a8df,/home/idscps/nicolas/experiment-artifacts/pipeline-ablation/formal-v11/results/monolith/seed-122/ablation-monolith-s122-a9250e37a8df,0.943641089096,0.943674199101,0.948380327368,0.940291666667,0.9351,13,74.50980392156863,2700.0,215,0.07962962962962963,1.00355,1292.288,0.7526625,0.9465,0.0035007558139534883,0.004402325581395349,2700.0,run_timeout,0.9011504819917702,True,533.23,True,533.23,False,2700.0,False,2700.0,11.277000000000001,2618.63,0.0,0.0,199,0,0.0,0.0,False,2700.0,,
distributed-w1,distributed,1,123,ablation-distributed-w1-s123-a199fa016fd3,/home/idscps/nicolas/experiment-artifacts/pipeline-ablation/formal-v11/results/distributed-w1/seed-123/ablation-distributed-w1-s123-a199fa016fd3,0.940287964967,0.942313699815,0.941098826296,0.939527777778,0.92905,13,74.50980392156863,2700.0,216,0.08,2.1184000000000003,3630.495,1.5888000000000004,2.659053955078125,0.007355555555555558,0.012310434977213543,2700.0,run_timeout,0.8549874832373222,True,1856.872,True,1952.2589999999998,False,2700.0,False,2700.0,2616.314007282257,2587.9994990825653,2587.9511013031006,99.99812991542379,206,0,0.0,0.0,False,2700.0,,
distributed-w2,distributed,2,123,ablation-distributed-w2-s123-a83f092ec873,/home/idscps/nicolas/experiment-artifacts/pipeline-ablation/formal-v11/results/distributed-w2/seed-123/ablation-distributed-w2-s123-a83f092ec873,0.943481354612,0.941686833619,0.945676500929,0.9415,0.933275,13,74.50980392156863,2700.0,258,0.09555555555555556,3.1579499999999996,4084.6440000000002,2.3684624999999997,2.9916826171875,0.009180087209302324,0.01159566905886628,2700.0,run_timeout,0.8406941802640518,True,2380.094,True,2397.942,False,2700.0,False,2700.0,2617.537422657013,2581.4028718471527,2581.360828638077,99.99837130385441,241,0,0.0,0.0,False,2700.0,,
distributed-w4,distributed,4,123,ablation-distributed-w4-s123-67d2fbbc3b80,/home/idscps/nicolas/experiment-artifacts/pipeline-ablation/formal-v11/results/distributed-w4/seed-123/ablation-distributed-w4-s123-67d2fbbc3b80,0.930222689467,0.930286251522,0.939288474439,0.924458333333,0.921525,10,80.3921568627451,2700.0,253,0.0937037037037037,4.09005,4506.318,3.0675374999999994,3.3005258789062504,0.012124654150197626,0.013045556833621543,2700.0,run_timeout,0.8396652466689261,True,2042.9189999999999,False,2700.0,False,2700.0,False,2700.0,2565.4969992637634,2573.702479839325,2523.9296691417694,98.06610083770589,235,0,0.0,0.0,False,2700.0,,
monolith,monolith,0,123,ablation-monolith-s123-72fa1b6421e7,/home/idscps/nicolas/experiment-artifacts/pipeline-ablation/formal-v11/results/monolith/seed-123/ablation-monolith-s123-72fa1b6421e7,0.940287964967,0.942313699815,0.941098826296,0.939527777778,0.92905,13,74.50980392156863,2700.0,181,0.06703703703703703,1.0037,1313.28,0.7527750000000001,0.961875,0.004158977900552486,0.005314226519337017,2700.0,run_timeout,0.8688669178142818,True,1219.805,True,1232.698,False,2700.0,False,2700.0,25.807000000000002,2598.623,0.0,0.0,167,0,0.0,0.0,False,2700.0,,
distributed-w1,distributed,1,124,ablation-distributed-w1-s124-3431246ad985,/home/idscps/nicolas/experiment-artifacts/pipeline-ablation/formal-v11/results/distributed-w1/seed-124/ablation-distributed-w1-s124-3431246ad985,0.944596626255,0.9443697377,0.945943986144,0.943361111111,0.93385,12,76.47058823529412,2700.0,245,0.09074074074074075,2.1346000000000003,3805.002,1.6009500000000003,2.7868666992187503,0.006534489795918369,0.011374966119260206,2700.0,run_timeout,0.8904986582338629,True,1125.896,True,1140.872,False,2700.0,False,2700.0,2620.784440279007,2602.767345905304,2602.6811151504517,99.99668695878685,233,0,0.0,0.0,False,2700.0,,
distributed-w2,distributed,2,124,ablation-distributed-w2-s124-0021511fad8b,/home/idscps/nicolas/experiment-artifacts/pipeline-ablation/formal-v11/results/distributed-w2/seed-124/ablation-distributed-w2-s124-0021511fad8b,0.945626980741,0.946001538149,0.946790848481,0.944527777778,0.93545,12,76.47058823529412,2700.0,307,0.11370370370370371,3.1408000000000005,3860.732,2.3556000000000004,2.8276845703125,0.007672964169381109,0.009210698926099348,2700.0,run_timeout,0.8820647544694183,True,1422.287,True,1437.966,True,2105.499,False,2700.0,2610.2399990558624,2590.6685478687286,2583.4120259284973,99.71989770956223,287,4,0.6331851851851853,0.0014814814814814814,True,2105.499,0.5889000000000001,0.706921142578125
distributed-w4,distributed,4,124,ablation-distributed-w4-s124-eab6f4018cf0,/home/idscps/nicolas/experiment-artifacts/pipeline-ablation/formal-v11/results/distributed-w4/seed-124/ablation-distributed-w4-s124-eab6f4018cf0,0.923748565115,0.924369819939,0.928091168348,0.920583333333,0.912075,10,80.3921568627451,2700.0,318,0.11777777777777777,4.07245,4001.09,3.0543375,2.93048583984375,0.009604834905660378,0.009215364276238208,2700.0,run_timeout,0.8747852706031369,True,1629.488,True,2349.834,False,2700.0,False,2700.0,2617.7720618247986,2597.569147825241,2597.528041601181,99.99841751184586,295,0,0.0,0.0,False,2700.0,,
monolith,monolith,0,124,ablation-monolith-s124-94c40225844c,/home/idscps/nicolas/experiment-artifacts/pipeline-ablation/formal-v11/results/monolith/seed-124/ablation-monolith-s124-94c40225844c,0.944596626255,0.9443697377,0.945943986144,0.943361111111,0.93385,12,76.47058823529412,2700.0,212,0.07851851851851852,1.0039500000000001,1327.104,0.7529625000000001,0.9720000000000001,0.003551709905660378,0.004584905660377359,2700.0,run_timeout,0.8995032989135304,True,736.6,True,747.56,False,2700.0,False,2700.0,13.054000000000002,2617.912,0.0,0.0,196,0,0.0,0.0,False,2700.0,,
distributed-w1,distributed,1,125,ablation-distributed-w1-s125-c84c7ad8744b,/home/idscps/nicolas/experiment-artifacts/pipeline-ablation/formal-v11/results/distributed-w1/seed-125/ablation-distributed-w1-s125-c84c7ad8744b,0.944458460891,0.943909617708,0.94631206995,0.942763888889,0.934275,11,78.43137254901961,2700.0,248,0.09185185185185185,2.2361,3733.1800000000003,1.677075,2.7342626953125,0.006762399193548387,0.011025252803679437,2700.0,run_timeout,0.9015607894790852,True,710.345,True,710.345,False,2700.0,False,2700.0,2620.1609377861023,2600.962704181671,2600.912828683853,99.99808242164573,236,0,0.0,0.0,False,2700.0,,
distributed-w2,distributed,2,125,ablation-distributed-w2-s125-0f8feaf910ee,/home/idscps/nicolas/experiment-artifacts/pipeline-ablation/formal-v11/results/distributed-w2/seed-125/ablation-distributed-w2-s125-0f8feaf910ee,0.944458460891,0.943909617708,0.94631206995,0.942763888889,0.934275,11,78.43137254901961,2700.0,311,0.11518518518518518,3.122,3945.544,2.3415,2.889802734375,0.007528938906752412,0.009291970206993568,2700.0,run_timeout,0.9016319952996703,True,865.754,True,865.754,False,2700.0,False,2700.0,2620.936473608017,2604.4988520145416,2604.4581656455994,99.99843784270011,291,0,0.0,0.0,False,2700.0,,
distributed-w4,distributed,4,125,ablation-distributed-w4-s125-3c171e6f915b,/home/idscps/nicolas/experiment-artifacts/pipeline-ablation/formal-v11/results/distributed-w4/seed-125/ablation-distributed-w4-s125-3c171e6f915b,0.944458460891,0.943909617708,0.94631206995,0.942763888889,0.934275,11,78.43137254901961,2700.0,332,0.12296296296296297,4.1533,4146.6539999999995,3.114975,3.03710009765625,0.009382454819277108,0.00914789186041039,2700.0,run_timeout,0.8923977364401704,True,1527.293,True,1527.293,False,2700.0,False,2700.0,2590.3920001983643,2598.160840988159,2573.0379951000214,99.03305270821559,307,0,0.0,0.0,False,2700.0,,
monolith,monolith,0,125,ablation-monolith-s125-f534645e9276,/home/idscps/nicolas/experiment-artifacts/pipeline-ablation/formal-v11/results/monolith/seed-125/ablation-monolith-s125-f534645e9276,0.944458460891,0.943909617708,0.94631206995,0.942763888889,0.934275,11,78.43137254901961,2700.0,217,0.08037037037037037,1.00385,1306.112,0.7528874999999998,0.9566250000000001,0.0034695276497695845,0.004408410138248848,2700.0,run_timeout,0.9068987437341907,True,477.924,True,477.924,False,2700.0,False,2700.0,8.956999999999994,2614.798,0.0,0.0,201,0,0.0,0.0,False,2700.0,,
distributed-w1,distributed,1,126,ablation-distributed-w1-s126-3a5bbe69d7f2,/home/idscps/nicolas/experiment-artifacts/pipeline-ablation/formal-v11/results/distributed-w1/seed-126/ablation-distributed-w1-s126-3a5bbe69d7f2,0.943677566513,0.942570419337,0.949114080687,0.940041666667,0.93565,13,74.50980392156863,2700.0,251,0.09296296296296297,2.1198000000000006,3769.8100000000004,1.5898500000000004,2.7610913085937505,0.006334063745019922,0.01100036377925797,2700.0,run_timeout,0.8852833627737332,True,1002.145,True,1019.078,False,2700.0,False,2700.0,2619.8384273052216,2597.0703251361847,2597.017968416214,99.99798400838576,239,0,0.0,0.0,False,2700.0,,
distributed-w2,distributed,2,126,ablation-distributed-w2-s126-2b5e0d40ece8,/home/idscps/nicolas/experiment-artifacts/pipeline-ablation/formal-v11/results/distributed-w2/seed-126/ablation-distributed-w2-s126-2b5e0d40ece8,0.943677566513,0.942570419337,0.949114080687,0.940041666667,0.93565,13,74.50980392156863,2700.0,314,0.1162962962962963,3.332350000000001,3870.0020000000004,2.499262500000001,2.8344741210937503,0.007959434713375799,0.009026987646795383,2700.0,run_timeout,0.8785977444369554,True,1379.652,True,1402.831,False,2700.0,False,2700.0,2616.2530002593994,2592.192643880844,2592.1146931648254,99.99699286562661,293,0,0.0,0.0,False,2700.0,,
distributed-w4,distributed,4,126,ablation-distributed-w4-s126-99ced0aebc61,/home/idscps/nicolas/experiment-artifacts/pipeline-ablation/formal-v11/results/distributed-w4/seed-126/ablation-distributed-w4-s126-99ced0aebc61,0.945938480598,0.94576445937,0.947513899374,0.944472222222,0.93565,8,84.31372549019608,2700.0,336,0.12444444444444444,4.7081,4556.532,3.5310749999999995,3.3373037109375,0.010509151785714285,0.00993245152064732,2700.0,run_timeout,0.870277584056826,True,1097.1200000000001,True,1097.1200000000001,True,1188.3970000000002,False,2700.0,2619.3027958869934,2593.2843160629272,2593.243894815445,99.99844131061018,311,1,0.5598529629629629,0.00037037037037037035,True,1188.397,3.5310749999999995,3.3373037109375
monolith,monolith,0,126,ablation-monolith-s126-3db3cbfcb89b,/home/idscps/nicolas/experiment-artifacts/pipeline-ablation/formal-v11/results/monolith/seed-126/ablation-monolith-s126-3db3cbfcb89b,0.943677566513,0.942570419337,0.949114080687,0.940041666667,0.93565,13,74.50980392156863,2700.0,217,0.08037037037037037,1.0036,1313.792,0.7527,0.9622499999999999,0.0034686635944700464,0.0044343317972350225,2700.0,run_timeout,0.8812882974593874,True,705.596,True,728.547,False,2700.0,False,2700.0,13.89,2612.493,0.0,0.0,201,0,0.0,0.0,False,2700.0,,
